,ALL,ARM,ARROW,ASH,AXE,BACK,BAD/EVIL,BAMBOO,BANANA,BASKET,BAT,BE_WRONG,BEANS,BEARD,BELLY,BREAK,BIG,BIRD,BITE,BLACK,BLOW,BONE,BOY,BRANCH,BREAST,BREATHE,BURN_intr,BURN_tr,BURY,BUSH,BUTTERFLY,CAIR,CANOE,CASHEW,CLOUD,COATI,COLD,COME,COMB,CORN,COTTON,CRICKET (zool),CRY,CUT,DANCE,DAY,DEFECATE,DIE,DIRTY,DO/MAKE,DRAW/PAINT,DRESS_UP,DRINK,DRY,DRY (state),EARTH/LAND,EAT,EGG,ENTER,EYE,FACE,FAR,FAT/GREASE,FATHER,FEAR,FINGER,FIRE,FIREFLY,FIREWOOD,FISH,FLAT,FLESH,FLOUR,FLOWER,FLY,FLY (n),FOOT,FOUR,FROG,FRUIT,FULL,GATHER,GIRL,GIVE,GO,GO_UP,GOOD,GRANDFATHER,GRAβ,GREEN,GROW,HAND,HAIR,HAMMOCK,HAPPY,HAWK,HEAL,HEAR/LISTEN,HEART,HEAVY,HEDGEHOG,HELP,HEN,HIDE,HIT,HOLE,HOT,HOUSE,HOWLER_MONKEY,HUSBAND,JACARÉ/CAIMAN/CROCODILE,JAGUAR,KILL,KNEE,KNIFE,KNOW,LAKE,LAUGH,LEAF,LEARN,LEG,LIE,LIVER,LONG,LOOK_AT,LOOSE_oneS,LOUSE,MAN,MANIOC,MANY,MEDICINE,MONKEY,MOON,MOUNTAIN,MOSQUITO,MOTHER,MOTHER_IN_LAW (2),MOULD,MOUSTACHE,NAIL/CLAW,NAME,NECK,NEST,NEW,NIGHT,NOSE,ONE,OTHER_SOME,PACA,PAIN/HURT,PARROT,PATH,PENIS,PERSON_HB_SOMEONE,PIERCE,PINEAPPLE,PLAY,PLAY (2) (CAUSE TO JUMP),PORRIDGE,PUMPKIN,PUT,RAIN,RAT,RAW,RED,RETURN,RIPE,RIVER,ROOT,ROPE,ROUND,RUN,SAD(NESS),SALIVA,SALT,SAND,SCARE,SEE,SEED,SEEK,SEND,SHARPEN,SHELL/BARK,SICK/ILL,SISTER,SIT,SLEEP,SMALL,SMOKE,SNAKE,SNORE,SON,SOUR/ACID,SPEAK,SPIDER,STAR,STINGRAY,STOMACH,STONE,STRONG,SUCK,SUN,SWEEP,SWEET,SWEET_POTATO,SWIMM,TAIL,TAPIR,TEACH,TELL/NARRATE,TERMINATE/FINISH,TERMITE,TESTICLES,THICK,THING,THREE,THORN,THUNDER,THROAT,TICK,TIE,TIRED,TOBACCO,TOMORROW,TONGUE,TREE,TURTLE,TWO,UGLY,UNCLE (MoBr),UNTIE,URINATE,VEIN,VOMIT,VULTURE,WALK,WANT,WASH,WASP,WATER,WE (excl),WE (incl),WET,WHITE,WIFE,WIND,WING,WING (2),WOMAN,WORM,YELLOW,YOU (sg)
MAWE,t o r a n i a,m o p ɨ,m o r ɨ ʔ a,ɨ w ɨ r u p, ɨ w ɨ k a p, a p e ,i n a kʷ a t ʔ i, a kʷ a r a ,p a k u a,h ɨ t,h a k i ʔ i, a p a r a p,k u m a n a,,p ɨ r u m ʔ a,w e j, w a t o ,w ei t a ,k a t u ʔ u, h u n ,p e h u, k a ŋ,k u r u m, e ŋ a , n a m , p ɨ h u ,a t i w u k,wu k , a t i ʔ a s ɨ p,ŋ g a ʔ a p ɨ ,m o r o p e ʔ i, ʔ a t , ja r a ,,ɨ w ɨ h i ŋ ,m u s ĩ,n a ʔ a k, o t , k ɨ w a , a w a t i, a m õ k i u s u ʔ a p,p o h i t ,w a k, a t i ʔ t e k ,h a i r u, ʔ a t ,h e p a i ʔ a,k u ʔ u r o,h a w i u,n u ŋ,,s o k p e p a ŋ,,ŋ a ŋ, ŋ a ŋ , ɨ i ,, u p i ʔ a, e k e, e h a ,,p ɨ a,k a p ,a p ,,m u ʔ u ɲ ã , a r j a,,, p i r a ,,p u ʔ i, u ʔ i, p o h ɨ t ,m o p ɨ ,w i n, p ɨ,t u k a w a ,w a ʔ a s a,i ʔ p ,h ɨ t, a t u n u ŋ,p i ʔ ã, a t u m, t o,a m,w a k u,a s e ʔ i,i ʔ a n a m, i h ɨ r ɨ p,t a ŋ,p o , a p , ĩ n i,w e p i t,h ɨ w i ,, ẽ t u p, w e ʔ ã , p o t ɨ j ,j̃ u ʔ i, p o w ɨ r o ,w a i p a k a,w e m i ŋ ,a h i k,, a k u p,ɨ a t,a w ɨ k ɨ,,j a k a r e, a w ɨ a t o ,a u k a ,m ɨ ʔ a k a ŋ ʔ a, k ɨ s e , kʷ a p,i h ɨ p ɨ h u a t,k ɨ r ɨ, o p ,,ʔ u p, ʔ a m , p ɨ ʔ a ,ɨ w o p, h a ʔ ā t ,, ŋ ɨ p ,i h a i ɲ a,,k a h a t o ,p o h a ŋ ,h a n u ʔ a n,w a t ɨ ,,w ã t i ʔ u ,t ɨ ,a t i t o z a ,,,m u ʔ u j̃ a ʔ a p e , e t ,h u t ʔ ɨ p,o k, p a k u p ,w ã t ɨ m , a m p ɨ ,w e n t u p,, p a ɨ, a t ɨ,a h u t , m o a p , a h i t ,m i t, s u k , n a n a,m a h a r a,p u n,m i ŋ k a ʔ u, j u r u m ũ,,a m a n ,p ɨ r ɨ k,i p ɨ r e , h u p ,a i p o k,o k t a ŋ,i h ɨ  , a p o ,h ai t ɨ,a w e r e p,p u t,a r ō t,kʷ i t u ʔ e, u k ɨ t ,,,, a ʔ ɨ j ,k a t ,p o ʔ o r o,, a p e,, n ɨ t , a p ɨ k , k e t ,h i t , h i ŋ,m o j,h õ h õ,m e mp ɨ t , e j̃ u ŋ ,h a j,,w a j k i r u, m e mp ɨ ,,n u,, s ɨ m , a t , ɨ w ɨ t i p , e ʔ ẽ ,u r i u r u,, u w a j p o ,w e w a t o, m u u ʔ e,e n o j, p a p ,ŋ u p i ʔ a,,i w a t o,,m ɨ e ʔ ɨ m,h u ,h u r u r e,,w e w a t,k ɨ t ɨ t, e r a,s u h u,m o ŋ k i ʔ i t e , ẽ k u,ʔ ɨ p ,w a w o r i,t ɨ p ɨ, k a h u ʔ i ,a m ũ,,w e h i,,, u r u w u, w ɨ r ɨ,k ɨ ʔ s a t ,,ŋ a p , ʔ ɨ ,,a i t o,a p u k, k ɨ t͡s i ŋ,,ɨ w ɨ t u,p e p o , a p ,h a r ɨ p o r i a, u w i ,k a ʔ a j, e n 
AWETI,m o m a t i,k ɨ w a,,,k ɨ ,,,,,m ã j ã k u,,,,,p ɨ l u p , k a, w a t u ,e p u z a, t u ʔ u,k i l  a w,p e t u, k a ŋ,k  a m i n o a t, a k ã , k a m ,,, a p ɨ,,,k u j u k u j u, ʔ a r ,m a ʔ ã p e,,,, j o ʔ ɨ g, u t ,ʔ a k ɨ w a p , a w a t i,,, e t a ʔ a, a k ɨ t͡s e , a ʐ ũ,,, m a j õ,,,k a t u k a,,,,, ɨ β e t e,, u p i ʔ a, e t͡s e, e t a , o w a,k o j p e,k a p ,u p ,,, a ʐ a,,, p i r a ,,j u j ã,, p o t ɨ t ,,t i n, p ɨ, m o k o ĩ m o k o ĩ,, ʔ a,,,,m o t o , h a,t e p,k a t u, a m ũ j,,,,p o , a p , i n ĩ,,m u z a k,, ẽ t u p, p o z i ʔ ã , p o t ɨ j ,,,,,, kʷ a t , a k u p, o k ,,m e n ,t o p e p ɨ r i t,t a w a t , k ɨ̃ j,, k ɨ t e , kʷ a p,ʔ ɨ w a t u,, o p ,,ʔ u p, ʔ a m ,, p u k u, m a ʔ ẽ , o p a t , k ɨ p ,,m a n i ʔ o k ,,p o t a ŋ ,k a ʔ i j ɨ t,t a t ɨ ,,,t ɨ ,,,,, e t ,t u r ʔ ɨ p,, m ɨ t a,i p ɨ t a k o , t ĩ,m o m o z o t͡s u,,, a t ɨ,, m e ,ʔ a á ,,p u k e,k a l a h a ŋ,,m o p o r ,,, j u ŋ ,a m ã n ,,,p i l a ŋ ,,,t ɨ  , a p o ,,,t a n ,t e ʔ i m o k a,, u k ɨ t ,,,t u p, a ʔ ɨ j , i k a ,m o t o t u k a t,, p e,a k u p ʔ a, n i ɨ t , a p ɨ k , t e t ,, t i ŋ,m o j,,m e mb ɨ t ,, t i ʔ i ŋ, i t ã ,,,,k ɨ t a ,,,kʷ a t,, e ʔ ẽ ,t e ʐ ɨ k ,, u w a j,,,e j õ j, p a p ,k u p i ʔ a,,,k a t,m o j t a r i k a,,,,, a t͡ʃ ĩ ,,p e , k o ʔ e m , ẽ k u,ʔ ɨ p ,t a w o z ɨ,m o k õ j ,,t u t ɨ t ,z a p,k a l u k ,, e ʔ e n , ɨ ʐ ɨ w u,e k o,kʷ a k u p,,, ʔ ɨ ,a ʐ o ,t͡s a n e,,t i ŋ, a t ɨ ,ɨ w ɨ t ,p e p o , a p ,k u j ã ,, t u w , e n 
Asurini,p a p ,t͡s ɨ w a,o ʔ ɨ w,a t a t͡ʃ i ŋ,s ɨ , a p e ,,,s a t a,m a n a k o a ,,,k o m a n a,, e w e ŋ a, m o p e n , w i s e ,w ɨ r a , o ʔ o, p i h o n ,m o n ɨ ŋ, k ɨ ŋ,k o n o m i,,, ɨ p ɨ t o h e m , k a t͡s , a p ɨ, o t ɨ m, k a ʔ a,, a ʔ n,ɨ h a r ,,ɨ w a ŋ ,, r o ʔ ɨ , o n , k ɨ w a w , a w a tʃ i, a m ɨ n i s o ,,t͡ʃ aa ʔ a , k ɨ s i ,p a r a h a j, a r a , p o s i , m a n o,, a p o, p i n i m , m o n e m , ʔ o ,, o w ɨ n,ʔ ɨ w ɨ ,k a r o, o p i ʔ a, k e, e h a ,,kʷ e ,,o p e, k ɨ ɨ s e ,k o a p e ,t a t a,,t͡ʃ e p e ʔ a , p i r a ,k a r a t͡s, a ʔ a, o ʔ i, p o t ɨ r a ,w e w e ,m e r o , p ɨ, i r o ŋ a t o e t e, i t o i,i β , ɨ n e h e m,,,m a n a , h a, eo p i n ,k a t o, n a m o s,s o o w i a,h u w ɨ ,,,ʔ a β , o p a , o r ɨ, kʷ a n o ,m o k a t o, e n o m, s ɨ ʔ o , p o h o j ,,,w ɨ r a p a s e,, n o p o ,, a k o m, a ŋ,a k ɨ k ɨ,m e n ,s a k a r e,s a w a r ,s o k a ,, k ɨ h e , kʷ a h a m,ɨ e w e g o h o a, p o k a , a w ,, n e t ɨ m o t͡ʃ i ʔ a , p o ʔ o m , p ɨ ʔ a , p o k o, m a ʔ e ,, k ɨ w , k o m a ʔ e,m a n i ʔ a ŋ , e t a ,p o h a ŋ ,k a ʔ i ,s a h ɨ ,,t͡ʃ a t͡ʃ i ʔ o ,h ɨ ,a t ɨ a h ɨ ,,,k o a p e , e r ,s o r , h i t ɨ ,ʔ ɨ a h o ,i p ɨ t o n , s i,p i t e ʔ i, a m o,k a r a w a r o h o, a h ɨ,a s o r o , p e ,, a w a ,k o t o ŋ , n a n a,s e m o a r a j ,m a m a n ,k a w i s a ,, n o ŋ ,a m ɨ n ,,,p i r o ŋ ,s e w ɨ n ,,p a r a n o, h a p a ,ɨ n ɨ m b a , a p o ʔ a,s o n ,, e n ɨ ,j o k ɨ r ɨ, ʔ ɨ t͡ʃ ,, e s a , a ʔ ɨ s ,m o m ɨ r o,, o i m e ,, a h ɨ,k ɨ p ɨ ʔ ɨ r a , a p ɨ ŋ , k e n , ʔ i ,t a t a s i ŋ,m a s,,m e m ɨ̃ r a,, s e ʔ e ŋ,, s a h ɨ t a t a ,,, i t a ,,,k a r a h ɨ , p e h i n ,,,w e w o t͡ʃ, w a s,t a p i ʔ i r , m o ʔ e,kʷ a w e ʔ e ŋ, p a p ,k o p i ʔ i,,, m a ʔ e,n a ʔ i r o i h i,s o o w a,t u p ɨ̃ ,,,a m a ŋ a, k a n i ʔ o,p e t ɨ m ,o s e ʔ i w e,k o a ,ʔ ɨ w ,,m o k o j ,a w a ɨ p a m,t o t ɨ r a,,k o r o ŋ ,,, o r o w o, a t a,p o t a n ,m o h o ŋ,, ʔ ɨ ,o r e ,t͡s a n e,a k ɨ m ,t͡ʃ i ŋ, a t ɨ ,ɨ w ɨ t o,p e p a , a b a ,k o s o , e w o ʔ i,, e n e 
Parakanã,,t͡ʃ ɨ β ,o ʔ ɨ β,a t a p ɨ w e r,t͡ʃ ɨ , a p ẽ ,,t a a kʷ a r ,t͡ʃ a t a,m a n a k ũ,a n ɨ r a,,k o m a n a ʔ i , e n ɨ w a h a w ,p ɨ r o ʔ o,, o h o ,β ɨ r a ,, p i õ n ,p ɨ , k ɨ g,k o n õ m i, a k o , k o m , p ɨ t o ʔ o , k a i p a m, a p ɨ, t ɨ , k a ʔ a,p ɨ k a β ,,ɨ ʔ a r ,t͡ʃ a w a r a k o i r o n, a t a t͡ʃ i g ,kʷ a t͡ʃ i, r o ʔ ɨ , o r ,ʔ a w a p o k a t o t a w a, a β a t͡ʃ i, a m ɨ n ɨ t͡ʃ o ,ɨ k ɨ t͡ʃ o ,t͡ʃ a ʔ a , k ɨ t͡ʃ i ,p o r a h a t͡ʃ, a r a , p o t͡ʃ ɨ , m a n o, p i o n, a p o,m o p i n i m , m o n e m ,ʔ ɨ o ,m o t o β ɨ m, a p i n, ɨ β ɨ ,k a r o, o p i ʔ a, k e, e h a ,a t ɨ p ɨ,,k a w ,o β , k ɨ ɨ t͡ʃ e ,k o a k ɨ g,t a t ã,p i r a k a,t͡ʃ e p e a β , p i r a , p e β , a ʔ a, o ʔ i, p o t ɨ r ,β e β e ,m e r o β , p ɨ, i r o g a t o e t e,k o r o r o, ʔ a, ɨ n e h e m,m o ɨ r ɨ g, k o n o m i ,m a n a , h a, o p i n ,k a t o, a m o i g e ,a m a r o p e ʔ a w, k ɨ r ,t͡ʃ e m o t o w i,p a , a β , o p a β , o r i β ,m ɨ kʷ a t͡ʃ i g,m o k a ʔ e, e n oi , t͡ʃ ɨ ʔ o , p o h o i ,, p o t ɨ β o ,β ɨ r a p a t͡ʃ e, m i m , n o p o , kʷ a r , a k o m, o g ,a k ɨ k ɨ,m e n ,dʒ a k a r e,t͡ʃ a w a r a ,t͡ʃ o k a ,e t͡ʃ a m e β, k ɨ ʔ e ,a kʷ a h a m, ɨ p a β , p o k a ,, t͡ʃ e m o ʔ e,i k u ɲ a, p o ʔ o m , p ɨ ʔ a , p o k o, m a ʔ e , k a t͡ʃ ɨ m , k ɨ, k u m a ʔ e,m a n ɨ a g , e t e ,m o ʔ a g ,k a ʔ i ,t͡ʃ a h ɨ ,ɨ β ɨ t ɨ r,t͡ʃ a t͡ʃ i ʔ o ,h ɨ ,o s o ,, a m o t a h a w,, e r ,t͡ʃ o r , a ɨ t ɨ ,,ɨ p ɨ t o n , t͡ʃ i, o r e p e t͡ʃ o w e, a m o t e ,k a r o w a r , a h ɨ,a n a k o , p e e , a k o n i,,k o t o g ,t͡ʃ o p a r a p a r a,t͡ʃ e m o a r a i j ,t͡ʃ e m o a r a i,k a β o n i , t͡ʃ o r o m o, t͡ʃ o g ,a m ɨ n ,t o ɨ m ɨ,,p ɨ t o g ,k o β e n i o β e,m o a p ɨ p,p a r a n õ, a p a ,e m a o, a p o ʔ a,t͡ʃ o n ,e h a i t e, e n ɨ ,t͡ʃ o k ɨ r , ɨ t͡ʃ i g ,m a a n a, e t͡ʃ a n, a ʔ ɨ n i ,m o m ɨ r o, m a n a ,a kʷ a ʔ a g,p i r e r , a h ɨ β a ʔ e, e n ɨ r , a p ɨ g , k e n ,p i p i ,t a t a t͡ʃ i n,m a t͡ʃ i a ,k e r a m o ,m e m i r a, a i w a ʔ e, t͡ʃ e ʔ e g,t͡ʃ a n o , t͡ʃ a i t a t a ,t͡ʃ a β e β i r ,a β , i t a , a t o, p ɨ t e n ,kʷ a r a h ɨ a, p e h i n ,t͡ʃ ɨ t ɨ g ,t͡ʃ ɨ t ɨ g ,t͡ʃ e m o p i p a, β a t͡ʃ a ,t a p i ʔ i r , m o ʔ e,m o m e ʔ o, p a w ,, a p i ʔ a,p a o h o, m a ʔ e,h e ʔ ɨ t͡ʃ ɨo,t͡ʃ o β ,t o p o a,a m a ʔ ɨ β,t͡ʃ a t e ʔ o g ,a m a g a, k a n i ʔ o,p e t ɨ m o p i ʔ a r,o t͡ʃ e ʔ i w e,,ʔ ɨ β ,,m o k o j , p i ʔ e i ʔ ɨ m,k ɨ β ɨ r a h ɨ,m o h i n,k o r o g ,w ɨ o m, β e ʔ e n , o r o w o, a t a,p o t a n ,p o h e i,k a w , ʔ ɨ ,o e ,t͡ʃ a n e,a k ɨ m ,t͡ʃ i g,t͡ʃ i r a t ɨ g,ɨ β ɨ t o,p e p a , a w ,k o t͡ʃ u , e β o ʔ i,t a r a w e w a t͡ʃ i g, e n é 
Suruí,p a m ,s ɨ w a,u ʔ ɨ β,,s ɨ r ɨ a , a p e ,,,,,s a w i r i r e,,, e n ɨ w a h a w a,, p e n , u h u ,w ɨ r a , o ʔ o, p ɨ s u n ,, k õ ŋ,k o n o m i, o k o ,, a p ɨ t u r e n,, a p ɨ,, k a ʔ a,, ʔ a r ,ɨ g a r ,a k a s u ,t a t a t͡ʃ i r o n,, r u ʔ i , u r ,, a w a t͡ʃ i, a m o n i s u a ,i k ɨ s u h u ,s o ʔ o ,,p u r a h a j, a r a ,,,, a p o,,,,,, ɨ w ɨ ,, u p i ʔ a, k e, e h a ,,,,,,,t a t a,,, p i r a , p e m , o ʔ o,m a n i m e, p u t ɨ r ,,, p ɨ,,k u r u r u,i ʔ a, ɨ n e h e m,,,, a,s eu p i r ,, a m o j,,,,p o ,ʔ a w ,t e kʷ a w a,,,, i n u , s i ʔ o ,,kʷ a n u,m u p o i r o ,w ɨ r a ʔ ɨ r a,, n u p o ,, a k u w, o g ,,,,s a w a r ,,, k ɨ s e ,, i p u r e ,t͡ʃ i m e r i a, a r a,, j e t ɨ m a k a p e n a,, p ɨ ʔ a , p u k u,,, k ɨ β , k u m a ʔ e,m a n i ʔ o g ,,,k a ʔ i ,s a h ɨ ,,s a t i ʔ u ,s ɨ ,ɑ̃ ʃ a ,, o m u t a w a , u p u h o p e , e r ,s u r ,,,i p ɨ t u n , t͡ʃ i,, a m u t e h e,k a r u a r u h u, a h ɨ,a s u r u , p e ,,,p u g,,s e m o a r a i ,,,j a k o r o n a,,a m õ n , a n u s a ,,p i r a ŋ ,s e w ɨ r ,,p o r a n o, o p o ,i n i m o , a p u ʔ a,s o n ,i s a m o m o r,, i t i ŋ w oj,,,, o ʔ o j ,h u m ɨ r u,,,,, e m i r a,,,,t a t a t͡ʃ i ŋ,m o j,k e r a m u r,m e m ɨ̃ , a j,,s a n u , s a h ɨ t a t a ,s a w e w ɨ r a,,,p u k o ŋ, p ɨ t e r ,ʔ a r a ,, e ʔ e ,s e t ɨ g ,, w a s,t a p i ʔ i r ,,,,k u p i ʔ i, a m e ʔ a,p u r u ŋ ,, t a p ɨ t a ,,t u p o ,,k a t eu g , kʷ a r ,,p e t ɨ m ,,,ʔ ɨ w a ,,m u k u j ,,t u t ɨ r ,w a r a w,k u r u k a w, a s ɨ g ,, u r u w u, w a t a,,,k a w ,,,,a k ɨ̃ m ,t͡ʃ ɨ ŋ, e m i r e k o ,,,,k u s o ,,, n e 
Tapirapé,p ã w ,t͡ʃ i w ã,o ʔ ɨ p,,t͡ʃ ɨ , ã p e , ɑ̃ i p,,p a ã k o ʔ ã,ɨ r o ,a n ɨ r ã, ɑ̃ w ɨ i ʃ e,k o m a n ã,, e w e k , m u p e n ,o ,w ɨ r ã h i, o ʔ o,o n ,p e t͡ʃ o, k ɨ g,k o n o m ĩ,, k ɨ m , ʃ e p ɨ t o w e r o t, k ã j , ã p ɨ,, kãʔã ,p ɨ k ã p ɨ k ã w a, ʔ a r , j ã r a ,a h a t͡ʃ o ,a m ɨ n ã i p ,kʷ ã t͡ʃ i,,t͡ʃ a r ,,h ɑ̃ w ɑ̃ ʃ i, a m a n i t͡ʃ o ,,t͡ʃ a j ʔ a, k ɨ t͡ʃ i ,m a a n a n, ʔ a n ,, m a n õ, k ɨ ʔ ã , a p o,m o o n ,,ʔ ɨ ʔ o ,,, ɨ w ɨ ,k ã r o, o p i ʔ ã, k e, ẽ ã ,,m õ,k ã m ,o p , k ɨ ɨ t͡ʃ e ,m a ã k ɨ g, ã t ã,,, p i r ã , p e w , a ʔ a, o ʔ i, p a t ɨ t ,w e w e ,, m ɨ, u r u n d ɨ,, i h ã,,w ɨ, k o t ã t ã j ,m a ɨ̃ j, h a, o p i t ,k ã t o, a m õ j,t͡ʃ õ,,,m a ,ʔ a m , e k a w ã, a r ɨ r ɨ p ,t͡ʃ ã p ã k a n i,, i n o p, t͡ʃ ɨ̃ ʔ ɨ̃ , p o o j ,, p ɨ r õ ,w ɨ r ã k ã j , m i m , n o p ɨ̃ ,, ã k o p, a k a n,,m e n ,t͡ʃ ã k ã r e,t͡ʃ ã w ã r ,t͡ʃ o k ã ,k a n ã w ã , k ɨ t͡ʃ e , k a a m,ʔ ɨ o p a m , p o k ã , a p , t͡ʃ e m a ʔ e, t ɨ t ɨ m a ,, m ɨ ʔ ã , p o k o,i t͡ʃ ã k, k ã t͡ʃ ɨ m , k ɨ p ,a k o m a ʔ e,m a n i ʔ a k , e t e ,m a h ɨ g ,k ã ʔ i ,t͡ʃ ã ɨ ,,, ɨ , r i h o ,,ʔ a m a t a m ,m ɨ ã p e , e t ,t͡ʃ o t , a i t ɨ ,ʔ ɨ ã o ,ɨ p ɨ t o n , t͡ʃ ĩ, ã t͡ʃ e p e,,, t͡ʃ e,ɑ̃ ʃ o r o , ã p e , a k e n , ã w ã ,k o t o k ,,t͡ʃ e m a ã r ɨ̃ j ,m a m a t ,, k o r o w ã,,a m ɨ n , a n o t͡ʃ ã ,,p i r ɨ g ,t͡ʃ e w ɨ t ,,ʔ ɨ  , ,i n i m b o , ã p a j ã, ɨ j ,t͡ʃ i n ɨ k, e n ɨ ,ʃ o k ɨ r ,,m a a n a, i t͡ʃ ã k, a ʔ ɨ̃ j ,m a m ɨ r õ, m a n a , ɨ i m e h e ,,,k ɨ p ɨ h ɨ t , ã p ɨ k , k e t ,,,m a j,,m e m ɨ r ,, t͡ʃ e ʔ e g,t͡ʃ a n o , t͡ʃ ã ɨ t ã t ã ʔ i ,t͡ʃ ã w e w ɨ t ,, i t ã ,, p ɨ t e t ,kʷ ã r, p e i t ,h ẽ ʔ e ,t͡ʃ e t ɨ k ,ʔ ɨ ɨ t ã, o w ã j,t ã p i ʔ i t , m a ʔ e,k o m e ʔ o, p ã w ,,,, m a ʔ e,m a ã p ɨ t ,t͡ʃ õ ,,,t ã t e w o k , w a n , k a n e ʔ õ,p e t ɨ m ,a t͡ʃ e i w e,k õ,h ɨ w ɨ r ã,t͡ʃ ã w a t͡ʃ io,m o k õ j ,,t o t ɨ t ,k a n a m,,,,h ɨ r ɨ w o, ã t ã,p a t a n , p a t o k ã,k a m , h ɨ ,a r e ,t͡ʃ a n e,ã k ɨ m ,s i ŋ, ã t ɨ ,ɨ w ɨ t o,p e p a ,,k o t͡ʃ ɨ̃ , e w a ,,t͡ʃ a n e 
Tembé,p a w ,z i w a,u ʔ ɨ w,t a n i m u k ,z ɨ , a p e ,,t a kʷ a r ,p a k o ,p a n a k u,a n i r a,z a w ɨ ,k u m a n a,,,, u h u ,w i r a , t i ʔ u, p i h u n ,p e z u, k a ŋ,k u n u m i, ə k ə , k a m , p ɨ t u , k a j , a p i, t ɨ m, k a ʔ a, p a n a m ,,ij i a r i ,a k a z u ,ɨ w a k u n,kʷ a t i,, u r , k ɨ w a w , a w a t i, a m a n i z u ,i k i z u ,z a j ʔ o, k ɨ t ɨ ,p o r a t͡s e j, a r , k a ʔ a , m a n o, k ɨ ʔ a , a p o, p i n i m , m u n e h e w,, t͡ʃ i n i ŋ, k a ŋ , ɨ w ɨ ,, u p i ʔ a, i k e, e h a , a w a, m ɨ r ɨ,k a w e r ,u , k ɨ z e ,kʷ ə ,t a t a, w a ŋ,, p i r a , p e w , o o, u ʔ i, p u t i r ,w e w e w,m e r u , p ɨ,,k u r u r u, ʔ a, ɨ n e h e m,m o n o h o k, k u z ə t ə ʔ i ,m o n ó ,, a p i r ,k a t u, a m u j,,, k a kʷ a ʔ a w,p o , a w , k ɨ h a w , u r ɨ w ,z a w a t o , kʷ e r a w , e n u , z ə ʔ ə , p u h ɨ j ,kʷ a n u, p ɨ t ɨ w ə ,z a p u k a i , m i m , n u p ə , kʷ a r , a k u ,ʔ o k ,,m e n ,z a k a r e,z a w a r ,z u k ə , e n ɨ p ɨ ʔ ə, k ɨ h e , kʷ a w, ɨ p a w , p u k a , o w ,, e t ɨ m a , ʔ a m , p ɨ ʔ a , p u k u, m a ʔ ẽ , k a z ɨ m , k ɨ w ,,m a n i ʔ o k , e t a ,m u h a ŋ ,k a ʔ i ,z a h ɨ ,,z a t i ʔ u ,h ɨ ,, ə w e , a m u t a w ,p o p e , e r ,, h j t ɨ , p i a h u , p ɨ t u n , t i,p i t ə í , a m ó, p a k , a h ɨ,a z u r u , p e , a kʷ ə j , a w á ,k u t u k , n ə n ə,z e m u z a r a ,m o m o r ,, z o r o m o, n o ,a m a n , a ŋ u z a , z ɨ w ɨ r ,p i r a ŋ ,z e w ɨ r , a z u ,i   , h a p o ,i n i m o , a p u ʔ a,z a n ,z e m o m i k, e n ɨ ,z u k ɨ r ,,m o ŋ i z e, e s á k, ə ʔ ɨ̃ j , e k a r , m o n o , a j m e , p e, a h ɨ, e n i r a, a p ɨ k , k e r ,m i r i ,t a t a t i ŋ,m o j,k e r a m o ,m e m ɨ r , a j, z e ʔ e ŋ,z a n u , z a h ɨ t a t a ,z a w e w ɨ r ,, i t a , ə t ə, p ɨ t e r ,kʷ a r a h ɨ ,t ɨ p i r ,t e t e k a t u,z e t ɨ k ,, u w a j,t a p i ʔ i r , m u ʔ e,m u m e ʔ u, p a w ,k u p i ʔ i, a p i ʔ a, a n a m  , m a ʔ e,,t͡s u ,a m a n s u n a ,,z a t e h u k , a p ɨ t ɨ , k a n e ʔ o,p e t ɨ m ,p ɨ h a w é,, i w i r ,p a r a ʔ ɨ w p e,m u k u j ,,t u t ɨ r ,z u r a w,k a r u k , a z u k ,, u r u ʔ u, w a t a,p u t a r ,,k a w , ʔ ɨ ,u r e ,z a n é,ə k ɨ m ,t ĩ ŋ, e m i r e k o ,,p e p o , a w ,k u z ə ,, z u, r e 
Apiaká,ʔ a ŋʷ a p a m ,s i a w a,u ʔ ɨ w,t a n i m u g ,s ɨ ,k u p ə a,,,p a k u w ,,a n d ɨ r a,,k o m a n a ʔ i ,,, m u p e n , h ĩ h ã j ,,,n i m u r õ,, k a ŋ a ,,ʔ ɨ w a k ã ,,,,,, k  a w ɨ r a ,, ʔ a r ,i h a r a ,,ɨ v a g ,,,,, a w a s i,, k ɨ s u ʔ i a,, k ɨ s ɨ ,, a r ,, m o n o,,,,,,,, ɨ w ɨ ,, u p i ʔ a,,s i r e ʔ a ,,,k a ,u w , k ɨ j s e ,kʷ ã ,t a t a,,, p i r a ,,, u ʔ i, ɨ w o t ɨ r a ,,, p ɨ,,,a,,, k u ɲ ã t ã ,, h o,,,,s o h o w a,,,p o , a β ,t u p a w a,,,, e n u p,, p o h o j ,,, n a m u s i ŋ a,, n u p ã ,,,ʔ o g ,a k ɨ k ɨ,m e n ,s a k a r e,s a w a r ,,,,, i p i a ,,,, s i t o m a k a ŋ , p u a m , p ɨ ʔ a , p u k u,,, k ɨ w ,,m a n i ʔ o g ,,,k a ʔ i ,s a h ɨ ,,n a s i ũ n a,h ɨ , a i h o ,, a m u t a w a ,p o p e a,,s u r ,,, p ɨ t u n ,,,,k a r u a r u ʔ i,,a s u r u , p e ,,,,,,,,,,a m a n , a ŋ u s a ,, ,,,p a r a n a, r a p o , n i m o , ,,m õ b u r a kʷ i ɲ a n d e,,s o k ɨ r ,,,, a ʔ ɨ̃ j ,,,,,,s i r e n d e r a,,,,t a t a s i ŋ,m o s,,,,,, s a i t a t a ʔ i ,s a β e β i r a,, i t a ,,, a r a ,,,s ɨ t e g ,,m e r u s a,t a p i ʔ i r ,,,,, a p j a,,,m o a p ɨ,,i m e r e r e t,,s a t e β o g ia,,,p e t ɨ m ,, a p e k ũ,ʔ ɨ w a ,t a w a s ia,m u k ũ j ,,i ʃ u p a w ɐ,,,,, u r u β u,,,,,,a r e ,,a k ɨ m ,, e m i r e k o ,,p e p o ,,k u ɲ ã ŋ a,,,
Guajajara,,z ɨ w a,u ʔ ɨ w,t a n i m u k ,i t a z ɨ, i k u p e , a i w,t a kʷ a r ,p a k o ,k o k,i n i r ã,z a w ɨ ,k u m a n a ʔ i ,m u t a w,p u r u ʔ a,, u h u a ʔ u,w ɨ r a , t͡ʃ i ʔ u, p i h u n ,p e z u, k ə g,kʷ a r e r,h a k a , k a m , p ɨ t u h e m , k a z , a p ɨ, t ɨ m, k a ʔ a, p a n a m , ʔ a r ,ɨ a r ,a k a z u ,ɨ w a ʃ i g ,kʷ a ʃ i, u w i t͡ʃ a g , u r ,, o s i, a m ã n e z u ,ɨ k ɨ z u ,z ai ʔ o ,,p ɨ n ɨ k, a r , k a ʔ a w , m e n o,h a w a ,z a p o,m u p i n i m , m u n e h e w, i ʔ u , t͡ʃ i n i g, k ə g , ɨ w ɨ ,, u p i ʔ a,w i t͡ʃ e, e h a , u w , m u i t e,k a w ,u , k ɨ e ,kʷ a ,t a t a,,z a p e ʔ a w , p i r a , p e w , o ʔ o,k u ʔ i, i p u t ɨ r ,w e w e ,m e r u , p ɨ, z e i r u g a t u ,k u r u r u,m a ʔ ɨ β a, ɨ n e h e m,m o n o ʔ o g, k u z a t a j ,m o n o , h o,z eu p i r ,k a t u, a m u z,k a ʔ a p i ʔ i, a k ɨ r , u a ʔ u ,p o , a w , k ɨ h a w , u r ɨ w e t e, w ɨ r a h u ,m u k a t u, e n u , j e ʔ ə , p u h u ,kʷ a nd u, p ɨ t ɨ w a ,z a p u k a z , m i m , n u p ã , kʷ a r , a k u ,a p u z,w a r i w ,m e n ,z a k a r e,z a w a r u h u,z u k a ,p e n a r a g,t a k i h e ,u kʷ a w, ɨ p a w , p u k a , u e r , z e m u ʔ e, h e t ɨ m ã , p u ʔ a m , p ɨ ʔ a , p u k u, m e ʔ e ,, k ɨ w , a w a ,m a n i ʔ o k ,t e t e,m u h a g ,k a ʔ i ,z a h ɨ ,ɨ w ɨ t ɨ r,z a ʃ i ʔ u ,h ɨ ,, a w e ,,p o a p e , e r , a z u ʔ ɨ w , a i t ɨ , p ɨ a h u , p ɨ h a w , t͡ʃ i, a m o, a m o, p a k , a h ɨ,a r i r u , p e ,e m o,p u r u,k u t u k , n a n a,z e m a r a z ,z e m a r a z,m e m e k, z o r o m o,m o n o ,ə m ə n , a ŋ u z a ,,p i r a g ,z e w ɨ r , a z u ,ɨ r ɨ k a w, a p o ,i n e m o ,j a p u ʔ a,z a n ,z e m u m i k a h ɨ,e i n ɨ ,j u k ɨ r ,ɨ w a t͡ʃ i g ,m u k u h e m , e t͡ʃ a k,h a ʔ a z , e k a r , m o n o ,h a j m e , a p e,m a ʔ e h ɨ, eɨ n i r , a p ɨ k , k e r ,p i t͡ʃ i k, t͡ʃ i m o r e r,m o z,,m e m ɨ r , a z a h ɨ , z e ʔ e g,z a n u , z a h ɨ t a t a ,z a w e w ɨ r ,, i t a ,k a g, p ɨ t e r ,kʷ a r a h ɨ , p e i r ,h e t e,z ɨ t ɨ k , ɨ ʔ t a w , u a j,t a p i ʔ i r , m u ʔ e,m u m e ʔ u, p a w ,k u p i ʔ i,h a p i ʔ a,j a n a g a t u, m a ʔ e,n a ʔ i r u z ,t͡s u ,ə m ə n ə n o g,ʔ a z ,z a t ɨ h u k ,z ã p i t͡ʃ i , k a n e ʔ o,p e t ɨ m ,, a p e k u, ɨ w ɨ r a,z au ʃ i p e h o,m o k o z ,p w i h i,t u t ɨ r ,kʷ a r a w,k a r u k ,u w ɨ r a p e,u h u k, a p i t a w, a t a,p u t a r , h e z,k a w , ʔ ɨ ,u r e ,z a n e,ə k ɨ m ,t͡s i ŋ, e m i r e k o ,ɨ w ɨ t u,p e p o , a w e r,i h ɨ a ʔ u,a m i r i k u r, j u a h ɨ , n e 
Amonda,p a β ,dʒ i β a,u ʔ ɨ β,t ã n ĩ m u k a,j ɨ kʷ a ʔ r i ,k u p e a,,,,p a n a gʷ e r a,a n d ɨ r a,,, e n ɨ β a h a β a, e w e g a,, e h ã j h u,w i r a , h u ʔ u,ɨ p ɨ t ũ n ã ,p e j u, k ã ŋ ã ,, a k ã , k ã m ã,, k a j , a p ɨ, a t ɨ̃ ,,, ʔ a r ,ɨ h a r ,,ɨ β a k a ,kʷ a t͡ʃ i, i r o t͡ʃ ã ŋ a h ĩ m, o r , k ɨ gʷ a β ,, a m a n d i j u , k ɨ u ʔ i ,j e h e ʔ o, k ɨ t͡ʃ ɨ ,, a r , ʔ a t a , m õ n õ, k ɨ ʔ a ,ʔ a p o,,, ɨ ʔ u ,gʷ a ɨ t ɨ r ɨ g, i β i r a h ĩ m, ɨ β ɨ ,, u p i ʔ a, k i, a kʷ a r a, o β ,i r u p e,k j a β a,u β , k ɨ h ɨ j i ,p w ã ,t a t a,,, p i r a , o β a , a ʔ o, u ʔ i, ɨ p o t ɨ r a ,β e β e ,, p ɨ a ,,k u r u r u,i ʔ ɨ β , ɨ n a h e m,m o n o ʔ o ŋ, k u h i a ,m õ n o ,,,k a t u, a m o j,i p o t ɨ β u b u a, o β ɨ ,,p o ,ʔ a β , u p a w a, o r ɨ β ,, kʷ e r a w , ẽ n u ,ɲ a β e β u ɲ a, p o h ɨ i ,,,i n a m u t͡ʃ i ŋ , m i m , n u p ã , kʷ a r , a k o β, o k ,,m e n ,,j a ʔ gʷ a r ,ɲ u k a , e ɨ p ɨ ʔ ã, k ɨ t i h a β, kʷ a h a , ɨ p i a h u a, p u k a ,k a ʔ a,, e t ɨ m a k a ŋ , ʔ a m , p ɨ ʔ a , p u k u,e p i a g, k a ʔ ɲ ɨ m , k ɨ β , kʷ ã m a ʔ e,m a n d i ʔ o k ,e ʔ u j,m o h a ŋ ,k a ʔ i ,ɲ a h ɨ a,ɨ w ɨ t ɨ r u h u a,ɲ a t͡ʃ i ʔ ũ a,t u m a h ẽ a, ,,,, e r ,ɲ u r , a i t ɨ , p ɨ a h u ,ɨ p ɨ t u n , a p ɨ̃ ɲ ã, o d͡ʒ i p e ʔ i , a m u,k a r u gʷ a r u h u, a h ɨ,, p e h e a, a kʷ a ɲ ,a h e,k u t u g ,j u p a r a p a ʔ r i,ŋʷ a r a j ,,,, ɲ a ŋ ,ã m ã n ã, a ŋ u dʒ a ,,r u r i ,j i β ɨ r , j a j u β ,p a r a n a,ɨ β a p o a,,,ɲ a n ,, e n ɨ ,dʒ ɨ k ɨ r ,ɨ β ɨ t ĩ ŋ ã,, e p i e k,h a ʔ ɨ̃ ɲ ã , e k a r ,, a i m e r u ŋ,,, e n d ɨ r ,p ɨ̃ n , t͡ʃ i r a,t͡ʃ u ʔ ĩ ,t a t a t ĩ ŋ ã ,m o dʒ,k i r a m u ,a ʔ ɨ r, a j a h i β, ɲ i ʔ i ŋ,, ɲ a ɨ t a t a ʔ i a,j a β e gʷ i r ,, i t a , a t a, p ɨ t e ,kʷ a r a ,, e ʔ ẽ , i t ɨ k ,ɲ a h o g , β a h a j ə,t a p i ʔ i r ,,m õ m e ʔ u, p a β ,,, a n a m  , β a ʔ e,mb o h a p ɨ r a ,j u h u , n a r a ŋ,,j a t e β u g , a p ɨ t͡ʃ ĩ , k a n e ʔ õ, t a t a t͡ʃ i ŋ a β a, k o ʔ e m a m e,k õ a , ɨ β ,j a v o ʃ ia,m o k õ j ,t e ʔ β a r,t u t ɨ r , r a β,k u r u g ,, p o p o j ɨ, , a t a,p o t a r , h e j,k a β ,ɨ h ɨ a,o r e ,ɲ a nd e,a k ɨ̃ m ,t ĩ ŋ ã h ĩ m,g a r e m i r e h ẽ ,ɨ w ɨ t u,p e p o ,p e p o ə,k u ɲ ã ,, j u β , n e h e
Tenharim,p a β ,,u ʔ ɨ p,t ã n ĩ m u k a,dʒ ɨ h ɨ,k u p e a,,,p a ʔ a k o w e t e a ,p a n d a k u gʷ e r a,a n d ɨ r a,,, e n ɨ β a h a β a, e w e g a, m o p e n , h o j ,p i r a , h u ʔ u,ɨ p ɨ t ũ n ã ,p e j u, k a ŋ k ã ŋ ã,kʷ i m a ʔ e, a k ã , k ã m ã, p ɨ t u , k a j , a p ɨ, t ɨ m,, p a n e m a , ʔ a r ,ɨ h a r ,,ɨ β a k a ,kʷ a t i, i r o t͡ʃ ã ŋ a h ĩ m, o r , k ɨ gʷ a β , a β a t i, a m a n d i j u , k ɨ u ʔ i ,j e h e ʔ o, k ɨ t ɨ ,p ɨ ,a h a r i m o, ʔ a t a , m õ n õ, k ɨ ʔ a ,ʔ a p o,,, ɨ ʔ u , t i n i ŋ, i β i a h i , ɨ β ɨ ,, u p i ʔ ə, k i, a kʷ a r a,,i r u p e,k a b a,u β , k ɨ h ɨ j i ,,t a t a, m u h ũ,, p i r a , a p e r e , a ʔ o,, ɨ p o t ɨ r a ,β e β e ,, p ɨ,,k u r u r u,ɨ ʔ β , ɨ n a h e m,m o n o ʔ o ŋ, k u n a j ,m õ n o , h o,,k a t u, a m o j,n i a gʷ a b u h u, o β ɨ ,,p o ,ʔ a β , u p a w a, o r ɨ β ,t o gʷ t o ʔ i a, kʷ e r a w , ẽ n u , ɲ a ʔ a ʔ ĩ , p o h ɨ i ,,p o k o g,i n a m u t i ŋ , m i m , n u p ã , kʷ a r , a k u β,a p ɨ j,,e mb i r e k o ,,j a ʔ gʷ a r ,ɲ u k a , i n ũ p ɨ ʔ ə,, kʷ a h a , ɨ p i a h u a, p u k a ,k a ʔ a, ɲ i mb o ʔ e,p ɨ a, ʔ a m , p ɨ ʔ a , p u k u,e p i a g, k a ʔ ɲ ɨ m , k ɨ, kʷ ĩ m a ,m a n i o k ,e ʔ u j,m o h a ŋ ,k a ʔ i ,ɲ a h ɨ ,,ɲ a t i ʔ ũ a, ɨ , ,, a mb o t a β a ,p o ẽ p e , e r ,ɲ u r , a i t ɨ , p ɨ a h u ,e p ɨ t u n i i, a p ɨ̃ ɲ ã, o d͡ʒ i p e j , a m u,k a r u gʷ a r u h u,,a ʒ u r u h u, p e h e , a kʷ a ɲ ,a h e,k u t u g ,j u p a r a p a ʔ r i,p ɨ k ɨ r ĩ,,k a ʔ i m b e g,, ɲ a ŋ ,ã m ã n ã, a ŋ u j a ʔ i, p ɨ r ,r u r i ,j i β ɨ r , a j u β ,p a r a n a,ɨ β a p o ,e n i m b o a,,ɲ a n ,k o β e β e u h u, e n ɨ ,i ɲ e ʔ e,ɨ β ɨ t ĩ ŋ ã,, e p i e ,h a ʔ ɨ̃ j , e k a r ,, a i m e r u ŋ, p e,t e t i r ũ, e n d ɨ r ,p ɨ , k i ,t͡ʃ ũ ɲ ẽ ,t a t a t ĩ ŋ ã ,b o ʒ a ,k i r a m u ,a ʔ ɨ r, a j a h i β, ɲ i ʔ i ŋ,, ɲ a ɨ t a t a ʔ i ,j a β e gʷ i r ,, i t a , a t a,,kʷ a r a , p e h i r , e ʔ ẽ ,j i t ɨ g , ɨ t a β a t a, gʷ a h a j ə ,t a p i ʔ i, m o ʔ e,m õ m e ʔ u, p a β ,k u p i ʔ i, a p i ʔ a, a n a m  , β a ʔ e,mb o h a p ɨ r a ,j u h u ,t u p ã ,,j a t e β u g , a p ɨ t ĩ ,p ɨ k a n e ʔ o,, k o ʔ e m a m e,k õ, ɨ β ,j a β o t i,m õ k o j ,t e ʔ β a r,t u t ɨ r , r a β,k u r u g ,,,h u r u β u h u , ʔ a t a,p o t a r , p o t u k a,k a β ,ɨ h ɨ ,o r e ,ɲ a nd e,a k ɨ̃ m ,t ĩ ŋ ã h ĩ ,,ɨ w ɨ t u,p e p o ,p e p o ,k u ɲ ã ,, j u β , nd e h e
Parintintin,p a β ,j ɨ β ,u ʔ ɨ β,t ã n ĩ m u k a,j ɨ ,k u p e a,,,p a ʔ a k o w e t e a ,ɨ r u a ,a n ɨ r a,,, e n ɨ β a h a β a, e β e j , k a, e h ã j ,gʷ ɨ r a , h u ʔ u,ɨ p ɨ t ũ n ã ,p e j u, k ã ŋ ã ,p ɨ ʔ a, a k ã , k ã m ã, p ɨ t u , k a j , a p ɨ, t ɨ m, k a ʔ gʷ ɨ r , p a n a m a , ʔ a r ,ɨ h a r ,a k a j u ʔ i,ɨ β a k a ,kʷ a t i, i r o t͡ʃ ã ŋ a h ĩ m, o r , k ɨ gʷ a β , a β a t i, a m a n d i j u , k ɨ u ʔ i ,j e h e ʔ o, k ɨ t͡ʃ ɨ ,p ɨ , a r , ʔ a t a , m õ n õ, k ɨ ʔ a ,ʔ a p o, p i n i m ,, ɨ ʔ u , t i n i ŋ, i β i a h i , ɨ β ɨ ,, u p i ʔ a, k i,e a kʷ a r a, o β ,i r u p e,k j a β a,u β , k ɨ h ɨ j i ,pʷ ã , t a, m u h ũ,a t a ʔ ɨ, p i r a , p e β , a ʔ o, u ʔ i, ɨ p o t ɨ r a ,β e β e ,m e r u , p ɨ a ,,k u r u r u,ɨ ʔ β , ɨ n ɨ h e m,m o n o ʔ o ŋ, k u h i a ,m õ n o ,,,k a t u, a m o i,ɲ u ŋʷ a β , o β ɨ ,,k o ,ʔ a β , u p a w a, o r ɨ β ,t a gʷ a t o ʔ i a, kʷ e r a w , ẽ n u , ɲ a ʔ a ʔ ĩ , p o h ɨ j ,kʷ i ʔ ĩ,p o k o g,i n a m u t i ŋ , m i m , n u p ã , kʷ a r , a k u β,a p ɨ j,a k ɨ k ɨ,e mb i r e k o ,j a k a r e,j a ʔ gʷ a r ,ɲ u k a , e n ɨ p ɨ ʔ ã, k ɨ h e ʔ i , kʷ a h a , ɨ p i a ʔ i , p u k a ,k a ʔ a, ɲ i mb o ʔ e,p ɨ a, ʔ a m , p ɨ ʔ a , p u k u,e p i a g, k a ʔ ɲ ɨ m , k ɨ β , kʷ a j m a ʔ e,m a n i ʔ o g ,e ʔ h u j,m o h a ŋ ,k a ʔ i ,ɲ a h ɨ a,,ɲ a t i ʔ ŋʷ a, ɨ ,,h a ʔ β ẽ , a mb o t a v a ,p o a p e a, e r ,ɲ u r , a i t ɨ , p ɨ a h u a ,ɨ p ɨ t u n , a p ɨ̃ ɲ ã, o d͡ʒ i p e d͡ʒ i , a m u,k a r u gʷ a r u h u, a h ɨ,a j u r u ʔ i, p e h e a, a kʷ a ɲ ,a h e,k u t u g ,j u p a r a p a ʔ r i,gʷ a ʔ r a j ,m o m o r ,k a ʔ i m b e g,, ɲ a ŋ ,ã m ã n ã, a ŋ u j a ʔ i, p ɨ r ,r u r i ,j i β ɨ r , a j u β ,p a r a n a,ɨ β a p o a,e n i m b o a,,ɲ a n , β e β e , e n ɨ ,j u k ɨ r ,ɨ β ɨ t ĩ ŋ ã,, e p i e ,h a ʔ ɨ̃ j , e k a r , m o n o , a i m e r u ŋ, p e,t e t i r ũ, e n d ɨ r ,p ɨ , k i r a,t͡ʃ u ʔ ĩ ,t a t a t ĩ ŋ ã ,m o j,k i r a m u ,a ʔ ɨ r, a j a h i β, ɲ i ʔ i ŋ,ɲ a n u , ɲ a ɨ t a t a ʔ i a,j a β e gʷ i r ,a u h u , i t a , a t a, p ɨ t e r ,kʷ a r a , p e h i r , e ʔ ẽ ,j i t ɨ g , ɨ t a β a t a, gʷ a j,t a p i ʔ i r , m o ʔ e,m õ m e ʔ u, p a β ,k u p i ʔ i, a p i ʔ a, a n a m  , β e ʔ e,mb o h a p ɨ r a ,j u h u ,t u p ã ,,j a t e β u g , a p ɨ t ĩ , kʷ e r a j,m o h a t a t ĩ h a β a, k o ʔ e m a m e,k õ a , ɨ β ,j a β o t i,m o k o ɲ ,t e ʔ β a r,t u t ɨ r , r a β,k u r u g , a j ɨ k ,,h u r u β u h u , ʔ a t a,p o t a r , p o t u k a,k a β ,ɨ h ɨ ,o r e ,ɲ a nd e, k ɨ̃ m ,t ĩ ŋ ã h ĩ , e m i r e k o ,ɨ w ɨ t u,p e p o ,p e p o ,k u ɲ a , e β o ʔ i, j u β , d e h e
Urueuwauwau,p a β ,,,t ã n ĩ m u k a,j ɨ kʷ a r ,k u p e a,,,p a k o β a,ɨ r u a ,ã n ɨ r a,,, e n ɨ β a h a β a, e w e g a, m o p e m , e h ã j ,w i r a , h u ʔ u,ɨ p ɨ t ũ n ã ,p e j u, k ã ŋ ã ,k u r u m ĩ, a k ã , k ã m ã, p ɨ t u , k a j , a p ɨ,β e t i m,,, ʔ a t ,ɨ h a r ,,ɨ β a k a ,kʷ a t͡ʃ i, i r o t͡ʃ ã ŋ a h ĩ m, o r , k ɨ gʷ a β , a w a t͡ʃ i, a m a n d i j u ,,j e h e ʔ o, k ɨ t͡ʃ ɨ ,p ɨ , a r a ,, m õ n õ, k ɨ ʔ a ,ʔ a p o,,, ɨ ʔ u , t i n i ŋ, i β i r a h ĩ , ɨ β ɨ ,, u p i ʔ a, k i,e a kʷ a r a,,ɨ r u p e,k a β a,u β , k ɨ h ɨ j i ,p ũ ã ,t a t a, m u h ũ,, p i r a ,, a ʔ o, u ʔ i, ɨ p o t ɨ r a ,β e β e ,, p ɨ a ,,k u r u r u, ɨ β , ɨ n a h e m,m o n o ʔ o ŋ,,m õ n o , o,,k a t u, ã m ũ ĩ,j u a h a β , o β ɨ ,,p o ,ʔ a β , k i p a w a, o r ɨ β , kʷ a n u , kʷ e r a w , ẽ n u , ɲ a ʔ a ʔ ã ɲ ã, p o h ɨ i ,,,i n a m u t͡ʃ i ŋ , m i m , n u p ã , kʷ a r , a k o β, o ŋ,,m e n ,,j a ʔ gʷ a r ,ɲ u k a , a n ɨ p ɨ ʔ ã, k ɨ ʔ i , kʷ a h a , ɨ p i a h u a, p u k a ,k a ʔ a,, e t ɨ m ã k ã ŋ ə , ʔ a m , p ɨ ʔ a , p u k u r e h u,e p i a g, k a ʔ ɲ ɨ m , k ɨ β , kʷ ã m a ʔ e,m a n i o k ,e ʔ u j,m o h a ŋ ,k a ʔ i ,ɲ a h ɨ a,ɨ w ɨ t ɨ r a ,ɲ a t͡ʃ i ʔ ũ a,t u m a h ẽ a, ,,,p o p e a, e r ,ɲ u r , a i t ɨ , p ɨ a h u a ,ɨ p ɨ t ũ n ã , a p ɨ̃ ɲ ã, o j p e ʔ i , a m u,k a r u gʷ a r u h u, a ɨ,a ʒ u r u , p e h e a, a kʷ a ɲ ,a h e,k u t u ,,ŋʷ a r a j ,,,, ɲ a ŋ ,ã m ã n ã,,,r u r i ,j i β ɨ r , j a j u β ,p a r a n a,ɨ β a p o a,e n i m b o a,,ɲ a n ,,,,ɨ β ɨ t ĩ ŋ ã,m o ŋ ɨ h ɨ j i, e p i e k,h a ʔ ɨ̃ ɲ ã , e k a r ,,, p e,, e n d ɨ r ,p ɨ̃ , t͡ʃ i r a,t͡ʃ u ʔ ĩ ,t a t a t ĩ ŋ ã ,,,a ʔ ɨ r, a j a h i β, ɲ i ʔ i ŋ,, ɲ a ɨ t a t a ʔ i a,j a β e gʷ i r ,, i t a ,,,kʷ a r a , p e h i r , e ʔ ẽ , i t ɨ k , ɨ p e t ã, gʷ a h ã j ə ,t a p i r , m o ʔ e,m õ m e ʔ u, p a β ,,, a n a m  , β a ʔ e,m o k o ŋ g a t u,j u h u , n a r a ŋ,,j a t e β u g , a p ɨ t ĩ , k a n e ʔ õ, m o t a t͡ʃ ĩ g a , k o ʔ e m a m e,k õ a , ɨ β ,j a β o ʃ ia p e r ea,m õ k o j ,t e ʔ β a r,, r a β,k u r ɨ k ,, p o j u,, a t a,p o t a r , h e j,k a β ,ɨ h ɨ ,o r e ,a r e,a k ɨ̃ m ,t ĩ ŋ ã h ĩ , i m i r i k o ,ɨ w ɨ t u,p e p o ,p e p o ,k u ɲ ã ,, j u β , n e h e
Kayabí,p a p ,j ɨ w a,u ʔ ɨ p,,j ɨ a p ɨ̃i ,k u p e ,, a kʷ a r ,p a n a n ,p a n a k ũ,a n ɨ r a, a w ɨ ,k u m a n a,n u w a a p, e w e k , p e n , ũ ũ ,w ɨ r a , u ʔ u,ũ n ,, k a ʔ g ,k u n u m i,, k a m , p ɨ t u p o t,, a p ɨ, i t ɨ m, k a ʔ a,, ʔ a t ,ɨ a r ,,ɨ w a s i ŋ ,kʷ a s i, o ʔ ɨ , o t , k ɨ ʔ w a p , a w a t͡s i, a m ɨ n e j u , k ɨ ʔ j u ,j o ʔ o ,m o n o k,j e r o k a u,,, m a n ũ, k ɨ ʔ a , a p o,kʷ a s i a t , m u n e p , ʔ u , m o s i n i ŋ, k a ŋ , ɨ w ɨ ,j e m i ʔ w a t, u p i ʔ a, s e, e a ,e t ɨ w a p e,m u k u,k a w a,u w , k ɨ j e , , a t a,, t a t a, p i r a , p e p ,w ɨ r a, u ʔ i, ɨ w o t ɨ r ,w e w e ,m e r u , p ɨ, i r ũ p̃ a w ẽ ,j u ʔ i,ɨ ʔ w , ɨ n e e m,m o n o ŋ ,,m o n o , h a,j eu p i t ,k a t u, a m ɨ̃ j,j u a p ,,a n a r u p,p o ,ʔ a p ,a i t ɨ,e k õ ẽ ã i, kʷ a n ũ , p e r a p , e n u w, , p o ɨ i w u,,,w ɨ r a s o kʷ ẽ, m i m , n u p ã , kʷ a t , a k u p,ʔ o g ,a k ɨ k ɨ,m e n ,j a k a r e,j a w a,j u k a , e n u p ɨ ʔ ã, j ɨ , kʷ a a p,ʔ ɨ p i a ,j a i, o w , j e m u ʔ e, , p u ʔ a m , p ɨ ʔ a , p u k u, m ã ʔ j ã u ,, k ɨ p , kʷ i m a ʔ e,m a n i ʔ o g ,,m ua ŋ a ,k a ʔ i ,j a ɨ ,ɨ w ɨ ʔ a m u k u ,j a t͡s ʔ ũ , ɨ ,,ʔ õ ʔ w ẽ , a m u t a p ,,ʔ e t ,,, p ɨ a u ,ɨ p ɨ̃ i , s ĩ, a j e p e ʔ i , a m u,, a ɨ,a j u r u , a p e ,,a e,k u t u k ,,p u j a r u,m o m o t ,k a w ĩ,,m o ŋ o ,a m a n , a ŋ u j a ,,p i r a ŋ ,j e w ɨ , j ɨ p ,ʔ ɨ  , a p o ,i n i m o , e p e , õ j a n ,, e n ɨ ,,j i s i ŋ ,m o p i r ɨ ɨ i, e s a k, a ʔ ɨ̃ j , e k a , m o n o , a i m e , a p e,, e n ɨ r a, a p ɨ k , s e r , ɨ ʔ ɨ , a t a s i ŋ,m o j,,a ʔ ɨ t, a j a i p , j e ʔ e ŋ,j a n ũ , j a ɨ t a t a ,i p i r a p e p,e w e g, i t a ,f w a k a r,,kʷ a t,, ẽ ʔ ẽ ,j e t ɨ k ,, w a j,t a p i ʔ i r , m u ʔ e,m o m e ʔ u, p a p ,k u p i ʔ a,,, m a ʔ e,m u a p ɨ t ,j u ,t u p ã ,j u e ʔ o k,j a t e w u k , m a ,i f u a k a p a p,,a i ʔ i w e,k u,ʔ ɨ p ,j o w o s i p w uu,m u k ũ j ,,,,,,m o p ɨ ʔ a p o j ɨ, u r u w ua, a t a,r e k o,p o e í,k a p , ʔ ɨ ,o r e ,j a n e,a k ɨ m ,s i ŋ,m i r e k o ,ɨ β ɨ t u,j ɨ w a,p e p o ,k ũ j ã , e w õ ʔ i,, e n e 
Asurini Xingu,p a p ,dʒ i w a,o ʔ ɨ w,t a n u m u k ,dʒ ɨ , a p e , a i p,t a u k a r ,p a k a r e n ũ ʔ ũ,,a n ɨ r a,,k u m a n a ʔ ĩ ,,, m u p ẽ ,f u k u,w ɨ r a , o ʔ o, p i o n ,m o n ɨ k, k ɨ̃ ŋ,k u n u m i, a k ɨ̃ , k ɨ m , ɨ p ɨ t o h e m , k a j , a p ɨ, t ɨ m, k a ʔ a, p a n ɨ m , ʔ a ,ɨ h a r a , k a dʒ u ,a m ɨ n ɨ w a k a,kʷ a t i, r o ʔ ɨ , u t , k ɨ w a w , a w a t͡ʃ i, a m ɨ n i dʒ u ,,j a ʔ a , k ɨ t͡ʃ i ,p o r a h a j, a r , w o t͡ʃ i , m a n ũ, ɨ a w, a p a,d͡ʒ u a k, m o n e p , ʔ u ,,, ɨ w ɨ ,k a r o, u p i ʔ a,dʒ e k i, e a , u w , m u i t e,k a w e r ,o , k ɨ dʒ e ,p ũ ,t a t a,,i a k ɨ̃ , p i r a ,, a ʔ a, o ʔ i, p o t ɨ r a ,w e w e ,m e r u , p ɨ, u d͡ʒ e r u i k ,k u r u r u,i ʔ a, ɨ n o h e m,m u n ɨ ɨ k,k u n u m i k u j ĩ ,m a n a , h o, u p i t ,k a t u, a m ũ j,k a ʔ a p i ʔ i, d͡ʒ u k ɨ r ɨ ,dʒ e m a t ɨ̃ ,p a , a w , u p a v a, u r ɨ p , kʷ a n u , p e r a p , e n u p, ɲ i ʔ a , p o h o j ,, p e t͡ʃ i v u u,a r a k u r i, m i m , n o p i ŋ, kʷ a r , a k o p, a k ,,e r a kʷ a t,dʒ a k a r e,dʒ a w a r ,dʒ o k a ,k a n a w a , k ɨ h e , k o h a p,ʔ ɨ p a w , p o k a , a w , dʒ e m u ʔ e,t a m a k ɨ ŋ , p o ʔ o m , p ɨ ʔ a , p o k o,e t͡ʃ a k,m u k a dʒ ɨ m , k ɨ w , k u d͡ʒ e m a ʔ e,m a n i ʔ a k , e t a ,m o h ɨ ŋ ,k a ʔ i ,dʒ a h ɨ ,,d͡ʒ a t i ʔ ũ ,h ɨ ,,, a m u t a w ,p o ã p e ,,ʒ o r , h i t ɨ ,ɨ a h o,i p ɨ t u n , t͡ʃ i,m u d͡ʒ e p e j̃ , a m o,k o r a h a r o h u, a h ɨ,a dʒ o r o , p e , a k ũ j , a β a ,k u t u k ,,dʒ e m a a r a j ,m o p a k ,k a w i n ,,p a r u g,a m ɨ n , a g u dʒ a ,,p i r ɨ̃ ŋ ,dʒ ɨ w ɨ t , a j u ,p a r a n ɨ, a p a ,ɨ n ɨ m b a , a p u ʔ a, o ɲ ɨ̃ n ,d͡ʒ e r u t͡ʃ i, e n ɨ ,m ɨ r ɨ n i,,, e t͡ʃ a k, a ʔ ɨ̃ dʒ , i k a t , m a n a , a i m e ,ʔ a p e p e r a ,m a r i n ,k ɨ p ɨ ʔ ɨ r a , a p ɨ k , k i t ,,t a t a t͡ʃ i ŋ,m a j,,m e mb ɨ r a, ʔ a j, ʒ e ʔ e ŋ,dʒ a n u , dʒ a ɨ t a t a ,,, i t a ,p a r a t ɨ, p ɨ t e t ,kʷ a r a h ɨ , p e i t , e ʔ ẽ ,j ɨ t ɨ k ,u β e β u j, w a j,t a p i ʔ i r , m u ʔ e,m u m e ʔ u, p a p ,k u p i ʔ i, a p i ʔ a,,m a m a ʔ e,i r o m a ʔ e,d͡ʒ u h ,ɨ w a k o n a r ɨ ŋ,,, a p ɨ t͡ʃ i , k a n i ʔ o,p e t ɨ m ,a r i m o,, ɨ w ɨ r ,,m o k o j , a i β e r,,m u i t,k o r u k , a j u ,, u r u v u, a t a,p o t a t , f u t u k a,k a w , ɨ ,o r e ,d͡ʒ a n e,a k ɨ m ,t͡ʃ i ŋ, e m i r i k a r,ɨ β ɨ r a,p e p o ,,k u ɲ ɨ̃ , e w o ʔ i, dʒ u p , n e 
Araweté,p a,j ɨ w a,o ʔ i ,t a d ɨ m o ,j ɨ t i ,k u p e ,,t a ʔ a k ũ,p a d͡ʒ i d͡ʒ i,p e h i ,a n i r ã,,k a m a r a ʔ i ,,p i r i ʔ i, m o p e n ,p u k u,, ʔ u ʔ u,,u a w i, t͡ʃ i ,, a t͡ʃ ĩ ,,, k ã j ,m e n i, i t i , k a ʔ a p i t e, t a n ĩ, ʔ a t , ja r u t͡ʃ u ,a k a j u ,i β ã t͡s ɨ̃ ,k a t͡ʃ i, d õ h i , u , t͡ʃ i β ã , a β a t͡ʃ i, m i n i dʒ u ,,j a ʔ a ,i k a,p u r a a j,, p u t ɨ , m a n ũ,,m u j ĩ,k ɨ t͡ʃ ã,, ʔ u ,, k a ʔ ẽ , i w i ,k a r u, o p ɨ n ə, j e, e h e , o w , r u p e, a ʔ a,u , t͡ʃ i j e ,p ĩ ,t a t ã,,i h a t͡ʃ ĩ , p i r a , p e ,h a a, u t͡ʃ ĩ, i p u t i,w e w e ,m e r u , p ɨ, m u k ũ j̃ m u k ũ j̃,,,,,,m e ʔ ẽ , o,,k a t u, a m ũ j,a m ã m ã j,,m o h ɨ,p ə ,h ĩ ʔ ẽ, o p á , u r i,,, e n u , j ĩ ʔ ĩ m e,,, p i t i w ũ ,a r a k u r i,, n o p ĩ , k õ , a k u , a ʔ ,a t͡ʃ i t͡ʃ i,e r e k ũ ,ɲ e t͡ʃ e r e,ɲ ã,ʒ u k ə ,, i t͡ʃ i , k a ,,j u r i, a w e ,,h e r i t ə m a i, p u ʔ ĩ , p i ã , p u k u, m a ʔ ẽ ,, i w i t͡ʃ i, k u m e ʔ e,m a n i ,p a w ẽ, u h a,k a i t e ,j a h i ,,ɲ a t͡ʃ ɨ̃ ʔ ũ ,h i , ,,h e n i β ã,p ẽ , e r , a j ɨ r ɨ ,,j a h u, p i t ə m , t͡s ĩ, t͡ʃ i p ẽ, a m u t e ,t a p ɨ ʔ ɨ, a h i,a j i r i ,r e p e , a k ũ j , a w a , i h ũ , n a n i,, m a r a,m ĩ k a u, j u r u m ũ,m a r a ,a m ĩ ,,,p ɨ d ɨ ,j ɨ w ɨ ,,p a r a n ĩ, a p a , n ɨ m a ,r e ʔ a,j ĩ ,t͡ʃ i r i ʔ i, e d e n i ,,i β i t͡ʃ ĩ , p a r i r i, e t͡ʃ ã ,t͡ʃ i j ã , e t͡ʃ a , m a r a , m e ʔ e , p ɨ d e ,h a h i, e n i , a p i , t͡ʃ e ,,t a t a t ɨ̃ ,m a j,,m e m ɨ , h a , ɲ ẽ ʔ ẽ ,ɲ a n o , j a i t a t ə ,j a w e w i ,, i t ə ,,,k a r a h i , p e,h e w u,j ɨ t i r ĩ, i t a,h u β ã ĩ,t a p u ʔ ɨ, m u e ,m e m e ʔ u, p ã ,k o p i ʔ i, a p i ʔ a,, m e ʔ e,p a u w ĩ,j u ,p e p u,ʔ ã j̃ ,j a t e w o ,,t͡ʃ i r i m a,p e t ɨ̃ , h a ʔ ɨ w e, a p e k õ, i,ɲ a t͡s ɨ,m u k ũi,,u d a,,k u r u , a j ɨ t͡ʃ e, p w i h i , i r i β u, a t ã,p o t a n , p i t u k a,, i ,m ɨ d e,b ɨ d e,,t ĩ , e m ɨ d ɨ k a ,i w i t ɨ,p e p a ,p e p a ,k u ɲ i ,h e β o ʔ i,, n e 
Kamayura,p a p ,j ɨ w a,i ʔ ɨ p,,j ɨ , ʔ a p e ,,t a ʔ a kʷ a t ,p a ʔ a k o p ,ɨ r ɨ p e m,,,k u m a n a,t͡s ĩ h w r a p,p ɨ r u ʔ ã,a m a p ẽ ,,w ɨ r a , u ʔ u, p i t͡s u n ,p e j u, k a ŋ,k u n u ʔ u m ,, k ã m , j e p ɨ t u e r u t, k a j , a p ɨ, t ɨ m, k a ʔ a,,w a ʔ a ,ɨ a t ,,ɨ w a t͡s i ŋ ,, e r o ʔ ɨ t͡s a n , u t , k ɨ w a p , a w a t͡s i, a m i n i j u ,,j ae ʔ o , k ɨ t͡s i ,p o r a h a j, a t ,, m a n o,,ʔ a w ɨ k ɨ,kʷ a t͡s i ʔ a t ,t͡s i m, ɨ ʔ u ,m o p i r u,p i k a ŋ , ɨ w ɨ ,k a r u, u p i ʔ a, i t͡s e, e a , o w ,a m o e t e,k a w ,u p , k ɨ j e ,hʷ ã ʔ i ,t a t a,,j a p e ʔ a w , p i r a ,o j i m, a ʔ o,k u ʔ i, p o t ɨ t ,w e w e ,m e i r u p , p ɨ,m o j o ʔ i r ũ ,k u r u r u,a,w o t, ɨ h ɨ k, t a ʔ ɨ̃ j,m e ʔ ẽ ŋ, o,j u p i r ,k a t u, a m ɨ̃ j,j a w a ʔ i p ,t͡s o w ɨ ,,hʷ a ,ʔ a p , i n i, o r ɨ p ,w ɨ r a p ɨ, kʷ e r a p , a n u p, p ɨ ʔ a , p o w ɨ j ,,p o p ɨ t ɨ w õ , k a r a k a r a k o,j e m i m , n u p ã , kʷ a t , a k u p, o k ,a k ɨ k ɨ,i r ũ ,j a k a r e,j a w a t ,j u k a ,p e r e n a n, k ɨ e , kʷ a h a p, ɨ w p a p , h u k a , o p , j e m o ʔ e, h e t i m a k a ŋ , ʔ a m , p e r e , w u k u,e t͡s a , k a j ɨ m , k ɨ p ,a kʷ a m a ʔ e,t ẽ m i ʔ ũ, e t ã ,m oa ŋ ,k a ʔ i ,j a ɨ ,ɨ w ɨ ʔ a m,j a t͡s i ʔ ũ ,j ɨ ,,,ʔ a m o t a p ,hʷ a p e , e t ,j u r , a i t ɨ , p ɨ a u ,ɨ p ɨ t u n , t͡s ĩ, o j e p e t e , a m õ, p a k u, a ɨ,a j u r u , a p e , a kʷ ã j , a w a ,k u t u k ,,,m o m o t ,k a w ĩ,, n u ŋ ,a m a n , a n u j a ,,p i r a ŋ ,j e w ɨ r ,,p a r a n a, a p o ,t u p a h a m, a h u ʔ a,j a n ,, e n ɨ ,j u k ɨ t ,ʔ ɨ t͡s i ŋ ,m o p i m i ŋ , e t͡s a k, a ʔ ɨ̃ j , e k a t , m o n o , a j m e , a p e,a k u p, e n ɨ r , ʔ a p ɨ k , k e t ,,t a t a t͡s i ŋ,m õ j,,m e m ɨ r a k e ,, j e ʔ e ŋ,j a n u h ã, j a ɨ t a t a ʔ i ,j a w e w ɨ r a,p o t a w ɨ r u, i t a ,hʷ a r a t ã, p ɨ t e t ,kʷ a t, p e i t ,t͡s e ʔ e ,j e t ɨ k , ʔ ɨ t a p , w a j,t a p i ʔ i t , m o ʔ e,k a w e ʔ e ŋ, p a p ,k u p i ʔ i, a p i ʔ a,, m a ʔ a n w a t,m oa p ɨ t , a t͡s ĩ,, a i kʷ a t,j e t e β u k , hʷ a t , k a n e õ,p e t ɨ m ,o ʔ i r a n ,k õ, ɨ w ɨ r a,,m o k õ j , j a ʔ i w e r,t u t ɨ t ,p o i ,k u r u k , a j ɨ k ,, ɨ r ɨ w u, a t a,p o t a t , p o t u k a,k a p , ɨ ,o r e ,j e n e,a k ɨ m ,t͡s i ŋ, e m i r e k o ,,p e p o ,p e p o ,k u j ã , e w o ʔ i, j u p , n e 
Guajá,p a, i w a,u ʔ ɨ ,,i t a p i r i k o,j a m e t e,m ɨ n ɨ h ɨ̃,t a kʷ a r a ,p a k o ,m a n a k ũ,,m ɨ n ɨ h ɨ̃,,,p a r a w ã, z o k a, h u , i r a , t͡ʃ u ʔ u, p i h ũ,p ɨ , k ã ,, a k ã , k a m ã,m ɨ t ɨ, k a j ,,, k a ʔ a, p a n ã, ʔ a ,k a n ũ,a k a j u ,i w a k ũ ,,h a i t͡ʃ a , u ,, w a t͡ʃ i,,,j a ʔ o , k ɨ t͡ʃ i ,,,k a k a ʔ a , m a n ũ,,j a p o,j a p ó,m ɨ̃ k,w ɨ ʔ u , t͡ʃ i n ĩ , k ɨ̃ , w ɨ ,,,w u t͡ʃ i, a h a , a w ,a m e t e,,u , k i j e ,,t a t a,,, p i r a ,,h a ʔ o,t ɨ r ɨ m ɨ̃, m ɨ t ɨ,w e w e ,, p ɨ,,k u r u r u,i ʔ a,,,,m a n õ , h o, i p i ,k a t u, a m ɨ̃ j t͡ʃ a ʔ a,,,,p o ,j a k a r a, k a h a ,i r a r á,, kʷ e r a ,n ũ, i ʔ ã ,i p a j ,, p ɨ̃ t ɨ̃ v ɨ̃ ɨ̃,t͡ʃ a m a k a j , m ĩ n ,m e t e k, i kʷ a , a k u ,i p á,w a r í ,m e n ,j a k a r e,j a w a r , i k a ,p a r a n ɨ̃ ,t a k ɨ ,a kʷ a , i p u, m a k a , o,, a t a m ã , p a ʔ ɨ̃ , p ɨ ʔ a k e r, p u k u, m e ʔ ẽ ,, k ɨ,w a n i h ã,m a n i ʔ ĩ, j a t e ,p o h ã,k a ʔ i ,j a h ɨ ,,,h ɨ ,a j e,,, h a p i p ĩ ,,,, p i a h u , p ɨ h a ,j i p i a w ɨ̃,m a k a m u t u h ũ, a m õ,k a r a r u h u, a h ɨ,a j r u , p e ,i m õ, a w a ,k ɨ t u ,,,m a m õ ,,,m a n õ ,a m a n ,,,p i r ã , i w ɨ r ,,ʔ ɨ  , a p o , n i,j a p o h u,w ɨ h ɨ,i m e h e,,,,m a p i n i h ĩ, t͡ʃ a ,w i h ẽ , a k a , m o n õ , a m ẽ ,j a k a kʷ a, a h ɨ, a p i h i a r, w a p ɨ k , k e r e,m i i ,t a t a t͡ʃ ĩ ,,k e r e mb u ,m ɨ m ɨ r a, a j a h ɨ , i ʔ ĩ ,j a n u ,i w a r t a ĩ ,,a r i k ũ, i t a , a t ɨ̃, m ɨ t e t e,kʷ a r a h ɨ ,t i p i r ,h ẽ ʔ ẽ ,,,h a w a j,t a p i ʔ i r ,m u m u ʔ ũ ,m u m u ʔ ũ, p a ,k u p i ʔ i,,, m a ʔ ẽ,,j u ,t a p ã ,j a t ɨ̃,,j a m i t͡ʃ ĩ , k a r a ʔ a h ɨ,m ɨ t ɨ ,i kʷ a m e h ẽ,j a m u k ũ,m i r a,k a m i ʃ a,m a k ũ j ,m ɨ n ɨ h ɨ̃,,,k a k a r u ,, h u , u r u , w a t a,t ɨ r ɨ m ɨ̃, m i t i k a,k a, ʔ ɨ ,a r e á,a r e á,t a ʔ a m u h ũ,t͡ʃ ũ , h a m i r e k o , w u t u, i p a p o, a ,kʷ a j ã ,, j u, n i j ã
Emerillon,p a,e i w a,a p a l,t a n i b u g ,j ɨ , a p e , a i p,kʷ a m a n ,p a k o ,k a z a r a,a n d e u r a,,k u m a n a, e nd e w a, ɨ e,, u h u ,b a ʔ e l a ʔ ɨ l, t͡s u ʔ u, h u n ,p e dʒ u, k a w a n ,a w a kʷ e l a l a ʔ i l, a k ã , k a m o,ʤ u k u ʔ a r, k a j , a p ɨ,n õ t ɨ m, k a ʔ a,b a h p a n a m ,,ɨ a l ,a k a j u , a r a t a t s i ŋ,kʷ a s i,ɲ u ʔ a ŋ,dʒ o t , k ɨ w a , a w a t͡s i, m u i n u j u , k ɨ j u ,d͡ʒ a ʔ o ,k a r,p o r a h a t, a t ,, m a n õ, k ɨ ʔ a ,m a e, p i h i , m õ d e , ʔ u ,,s i k a ŋ , ɨ w ɨ ,w a, u p i ʔ a, i k e, e a , o w ,w ɨ̃ t͡ʃ ɨ̃,k a ,u ,m o ɨ j,p o ã n ,t a t a, m o ã ,, p i r a ,t ã b e ,ɨ w ɨ kʷ e r,p a n i n, p o t ɨ k ,w e w e ,b e r u , p ɨ,m o m k o n t e ,k ɨ t o ,b a ʔ e p o t ɨ l,p i t o g, n a ʔ a ŋ,w ã ĩ w ĩ,m e ʔ e ŋ, o, w ɨ l ,k a t u, a m u t͡s i ,i d͡ʒ a, k u ʔ i , k a k u w a ,p o ,e a n k a ŋ a r a, k i j a , o l ɨ,t a w a t o , gʷ e l a , e d u ,t u n a ɨ ɲ, p o h i ,k ũ ĩ ʔ ĩ, p o t ɨ̃ w õ , m a s a k a l a , m i m , n o p ã , kʷ a t , a k u ,a p i d͡ʒ,a k ɨ k ɨ,m e n ,dʒ a k a r e,dʒ a w a t ,dʒ i k a , e n ɨ p u ʔ a,m a r i j a, k u w a ,, dʒ e k a , o w a l , d͡ʒ e b o ʔ e, e t u m ã , p o ʔ a m , p ɨ ʔ a kʷ ə r, p u k u, m a ʔ ẽ ,o p a o p a r , k ɨ, a w a kʷ e l,m a ŋ i ʔ o k ,a ɨ, i p uã,k a ʔ i ,dʒ a ɨ , w ɨ t u l,j a i s i o , ɨ ,,,e b e r a,p o a p ẽ , e r ,k u l u k a g, w a i t i , p ɨ o k a t u, p ɨ a , t͡s ĩ,m o z e p ẽ, a m õ, p a k , a ɨ, k u r e , p e ,e b o,,k u t͡s u k , n a n a,j i m a r a j ,m o m o r ,, k u r u d͡ʒ a, i n u ŋ ,a m a n , a d u d͡ʒ a ,,p i r a ŋ ,z e w i l ,t a w a,ʔ ɨ  , a p o ,a m e ,,n a n ,, a d ɨ kʷ ə r,s a u t u,ɨ w ɨ s i ŋ ,m oj i, e s a g, a ʔ ɨ w a n, e k a l , m õ d u l, a i mb e ,w i r e r ,b a ʔ e l a ɨ,k u ɲ a , a p ɨ g , k e r ,s ĩ k ã ĩ,t a t a t͡s i ŋ,m o j,k e r a b u ,m e b ɨ l , a ɨ, j e ʔ e ŋ,z a d ɨ , s i r i k ə,s i p a r i,, t a k u r u n a ʔ ɨ ɲ,k a s i, p u t e t ,kʷ a r a ɨ ,w i w i r ,e b ɨ g,z e t i k , ʔ ɨ t a, u w a j,t a p i ʔ i r , b o ʔ e,m e b e ʔ u, b a ,k u p i i, a p i ʔ a, a n a m  , m a e,m a p ɨ t , i ɲ õ ,t u p ã ,k u l u k a g ,z a t eu s i n e,n o ŋ, k a n e õ,p e t u m , k o e m e ,a w u, w ɨ l a, t o s i,m o k õ j ,,p a ʔ i,j e r a ,k a r u , a ʤ ɨ g , u g, u r u b u, a t a,p o t a n e, k u s u g ,k a, ʔ ɨ ,o l e ,n õ d e,t ɨ ʔ u t,t͡s i ŋ,r e r e kʷ a t, w ɨ t u,p e p o ,p e p o ,w ã ĩ w ĩ, i w o ʔ i,t a w a, n e 
Wayampí J,p a,j ɨ w a,,t a n e m u ,j ɨ , a p e , a i ,t a kʷ a r i ,,,a n ɨ r a,,,e r e n ɨ w a r a ,,, w a s u ,w ɨ r a , s u ʔ u, p i j ũ,p e j u, k a ŋʷ e r ,,, k ã ,j u r u p i r a, k a j , a p ɨ,, k a ʔ a,, ʔ a ,ɨ a r ,,ɨ β a s ĩ ,kʷ a s i, r o ʔ i , u ,, a β a s i,,,j a ʔ o , k ɨ s ɨ ,, a r ,,, k ɨ ʔ a ,n o ,k u s i w a ,,,, k ã , ɨ β ɨ ,, u p i ʔ a, k e, e a ,,,k a ,u , k ɨ j e , ,t a t a,,, p i r a ,, o ʔ o,kʷ a k ɨ, p o t ɨ r ,β e β e ,, p ɨ, i r õ t e ,, ʔ a, ɨ n e ,,,m e ʔ ẽ , o,j u p i ,, a m ũ j,k a ʔ a p i ʔ i, o β ɨ ,,p o , a p i r a,,,t a w a t o , pʷ e r a , e n u ,, p o ɨ j ,, p ɨ t ɨ r õ , m a s a k a r a ,, n u p ã , kʷ a r , a k u , o k a ,,m e n ,j a k a r e,j a w a r ,j u k a , e n ɨ p a ʔ ã,, k u a , ɨ p a, p u k a , o,, e t ɨ m ã , p u ʔ ã , p ɨ ʔ a , p u k u, m a ʔ e ʔ e,, k ɨ,,m a n i ʔ o,,,,j a ɨ ,,j a s i ʔ o , ɨ , ɨ a ʔ u,,,p u ã p ẽ , e r ,,, p ɨ a u , p ɨ t ũ , s ĩ,p e ʔ ĩ , a m ũ, p a a, a ɨ,, p e e ,,,k u t u ,,j i m a r a j ,m o m o ,,a s i k a l a,,a m a n , a n u j a ,,p i r ã ,j ɨ w ɨ ,,p a r a n ã, a p o , ã , a p u ʔ a, a j ã ,e a g ɨ o, e n ɨ ,s a u t u,,,, a ʔ ɨ̃ j , a e k a ,, a j m e ,,,k u j ã ,, k e ,,t a t a s i ŋ,m o e,,, a j e , j e ʔ ẽ ,, j a ɨ t a t a ,j a w e w ɨi ,,,k a s i,,kʷ a r aɨ ,t ɨ w ɨ r o,,k a r a,, u w a j,t a p i ʔ i r ,,, p a ,k u p i ʔ ĩ, a p i ʔ a,t a ʔ ɨ r o w ã,,m o s a p ɨ,j õ ,t o p ã ,,j a t eo,, k a n e ʔ õ,p e t ɨ̃ ,,,ʔ ɨ,t a w a r u,m o k ũ j ,,,,, a j i e,, u r u β u p i j ũ, a t a,t o p i,,,,o r e ,,a k ĩ ,s ĩ ŋ, e r e kʷ a ,,p e p u k ã,,k u j ã , e β o ʔ i, j u,
Wayampí ,p a,j ɨ w a,w ɨ l a p a,t a n i m u ,j ɨ , a p e , a i ,t a kʷ a r i ,p a k o ,p a n a k a l i,a n ɨ l a,j a w ɨ s õ ĩ,k u m ã n a s ĩ ,e r e n ɨ w a r a ,a k a p e, m u p e n ,,w ɨ r a , s u ʔ u, p i j̃ ũ,p e j u, k a ŋʷ e ,j a ʔ ɨ kʷ i m a ʔ e, ã k ã , k ã , p ɨ t u e k ɨ ĩ, k a j , a a p ɨ, a t ɨ , k a ʔ a, p a n ã, ʔ a r ,ɨ a ,a k a j u ,ɨ w a s ĩ ,kʷ a s i, l o ʔ ɨ , u , k ɨ w a , a w a s i,a ʔ ɨ m ɨ n ɨ j u ,p a l ã l ã,j ao, k ɨ s ɨ ,p ɨ l a s a j, a, p u ʔ a , m a n ũ, k ɨ ʔ a ,n ũ ,k u s i w a ,, ʔ u ,m o s i k ã,s i k ã , ɨ w ɨ ,, u p i ʔ a, k e, e a , o w ,k o j p e,k a ,u , k ɨ j e ,p u ʔ ã ,t a t a, a j ã p ɨ t e ʔ,j a p e ʔ a , p i r ã , p e , o ʔ o,k u ʔ i, p o t ɨ,w e w e ,m e l u , p ɨ, i r õ t e ,, ʔ a, ɨ n ẽ ,m a a t ɨ ,p i s ĩ,m e ʔ ẽ , o,j u p i ,k a t u, a m ũ j,k a ʔ a p i ʔ i, õ β ɨ̃ ,,p o , a p i r a, k e a ,,t a w a t o , pʷ e l a , e n u , u ʔ ã , p o ɨ j ,kʷ a n u, p ɨ t ɨ w õ , m a s a k a l a ,j e m i , n u p ã , kʷ a , a k u , o k a ,a k ɨ k ɨ,m ẽ ,j a k a r e,j a w a r ,j u k a , e n ɨ p a ʔ ã, k ɨ s e , k u a , ɨ p a, p u k a , o, m o e, e t ɨ m ã , p u ʔ ã , p ɨ ʔ a , p u k u, m ã ẽ , k a j ɨ̃ , k ɨ, kʷ i m a ʔ e,m a n i ʔ o, a t ɨ ,m ɔ ʔ ã,k a ʔ i ,j a ɨ ,ɨ w ɨ t ɨ ,j a s i ʔ o , ɨ ,p e n,j ɨ s ɨ̃,e m e l a,p u ã p ẽ , e ,a l ɨ p ɨ,o w a i t ɨ , p ɨ a u , p ɨ t ũ , s ĩ,p e ʔ ĩ , a m ũ, p a a, a ɨ,p a l a w a , p e e , m o, a w a ,p ɨ p ɨ, n ã n ã,j i m a r a j ,m o m o ,t u j u,, n ũ ,a m ã , a n u j a , j ɨ ʔ ɨ̃ ,p i r ã ,j e w ɨ ,u m ɨ,p a r a n ã, a p o ,i n i m o , a p u ʔ a, a j ã ,m ɔ n ɨ i, e n ɨ ,s a u t u, ɨ s i ,m o ŋ ɨ j e, e s a , a ʔ ɨ̃ j , e k a , m o n o , a j m e ,p i l e ,t e k o l ã,k u j ã , a p ɨ , k e ,m ĩ l ĩ ,t a t a s ĩ ,m o j,k e l a m u ,m e m ɨ s a k i l e, h a j, j e ʔ ẽ ,j a n u , j a ɨ t a t a ,j a w e w ɨi ,k a l ã t ã ʔ ã, t a k u l u ,k a s i,m o s u s u,kʷ a r aɨ ,t ɨ w ej , ẽ ʔ ẽ ,j e t ɨ p e, ɨ a, u w a j,t a p i ʔ i, m o e ,, p a ,k u p ĩ ʔ ĩ, a p i ʔ a, a n ã  ,m a m a ʔ e,m a a p ɨ,j ũ ,t o p ã ,k u l u k a ʔ o,j a t eo, a p ã s i ,a i w,p e t ɨ̃ , k o w i, a p e k ũ,ʔ ɨ,p i l i t a,m o k ũ j , j a i w e ,p a ʔ i,m o k i ,k a l u , a j i ɨ,, u r u w u p i j ũ, a t a,p ɔ t a , k u t u ,k a a , ɨ ,o r e ,j a n e,s u ʔ ũ ,s ĩ , l e kʷ a ,ɨ w ɨ t u,p e p o k ã,p e p ɔ ,k u j ã , e β o ʔ i,,
UrubuKaapor, u p a,j ɨ w a,u ʔ ɨ ,t a n i m u k ,j i ,k u p e , a i ,t a kʷ a r ,p a k o ,p e i r,a n d ɨ r a,j a w ɨ ,k u m a n a ʔ i , n ɨ w a,p u r u ʔ ã, m u p ẽ , u t͡ʃ u ,m a ʔ e w ɨ r a , s u ʔ u, p i h u n ,p e j u, ʃ ã ŋʷ e r ,k u n u m i r a ɨ r, ã k ã , k a mb ɨ,i ʔ ã,u kʷ a i , a p ɨ,j ɨ t ɨ m, k a ʔ a, p a n a m , ʔ ã , ja r u s u ,a k a j u ,t a k ã ʃ ĩ,kʷ a ʃ i, r ɨ s ã , u r , k ɨ w a , a w a ʃ i, m o n e j u , k i j u ,j i ʃ i ʔ u,m o nd o k,p u r a h a i, ʔ a r , k a ʔ a , m a n õ, ʃ i ʔ a ,m u j ã,m u p i n i m ,, ʔ u ,m u ʃ i n k ã, k ã , ɨ w ɨ ,, u p i ʔ a, ʃ e, e h a , u w , p a i t e,m a ʔ e k a ,u , k ɨ j e ,p o ,t a t a,,j a p e ʔ a , p i r a , p e , o ʔ o, u ʔ i, p u t ɨ r ,w e w e ,m e r ũ , p ɨ,,k u r u r u,m a ʔ e ɨ w a, ɨ r ɨ h e m,m a t ɨ r, k u j a t ã j r a ʔ ɨ r,m e ʔ ẽ , h o,j u p i r ,k a t u, a m ũ j,k a p ĩ , o w ɨ t e,g a m o i z a r d a,p o ,ʔ a, k ɨ h a , u r ɨ,t a w a t o ,, e n u , ʃ i r a h ã , p u h ɨ i ,kʷ a n u,,s a p u k a j ,, n u p ã , kʷ a r , a k u , o k ,w a r i ,s a w a ʔ e,j a k a r e,j a w a r e t e,j u kʷ a ,k a n a w a j, k ɨ s e , k u h ã , ɨ p a, p u k a , o, j u m e ʔ e, i t ɨ m a , ʔ ã , p ɨ ʔ a , p u k u, m a ʔ ã , k a j i m , k ɨ,s a w a ʔ e ,m a n i ʔ o k , h e t a ,p u h ã,k a ʔ i ,j a h ɨ ,,k a r a p a n ã,h ɨ ,j e n e r ɨ r ɨ g ã,h a w e n,j u r u n ɨ w a,p o a p ẽ , e r ,j u r u p i, h a i t ɨ , p ɨ a h u , p ɨ t u n , ã p ũ i ,p e t e ĩ , a m õ,k a ŋ a r u h u, a h ɨ,p a r a w a , p e ,,s a w a ʔ e,k u t u k , n a n a,j u m a r a j ,,j ɨ k, j u r u m u,m u n d e,a m a n ,i s a w i ʔ a,,p i r ã ,j ɨ w ɨ r ,ɨ a r õ,p a r a n a, h a p o , n ɨ m b o , p u ʔ a,j a n ,p ɨ a i , e n ɨ ,j u k ɨ r , ɨ w ɨ ,m u k a h e m , s a k, a ʔ ɨ̃ , k e k a r , m o n o , a j m e ,p i r e r , a h ɨ, e n ɨ r , w a p ɨ k , ʃ e r ,m i ,,m o j,,m i m i , h i, j e ʔ ẽ ,j a n u , j a h ɨ r a t a ,j e w eɨ r ,p u s u, i t a ,p i r a t ã, p ɨ t e r ,kʷ a r a h ɨ , p e i r ,h e ʔ ẽ ,j ɨ t ɨ k ,j u p e t ẽ, u w a j,t a p i ʔ i r , m u ʔ e,m e ʔ u , p a ,k u p i ʔ i,, a n a m  , m a ʔ e,m a h a p ɨ r ,j u ,t u p ã ,k u r u kʷ a ,j e t eu k ,p u kʷ a r , e ʔ õ,p ɨ t ɨ m , k o ĩ,e mb e,m i r a,,m o k õ j , r ã i ,i h ẽ m ã i,j i r a r,k a ʔ a r u ,r ɨ m b o, w e ʔ e n ,k a r a k a r a , w a t a,p u t a r , k u t u ,k a, ɨ ,j a n e,j a nd e,ã k ɨ m ,ʃ ĩ ,a k e h a r,ɨ w ɨ t u, i p ɨ p o, a ,k u j ã ,s o w o ʔ i, j u, n e 
Anambé,,j ɨ w ã,m a r a r a,,j ɨ ,k u p a ,,,p a r i r i,t i m o a p ɨ̃,a n d i r ã,,k u m a n ã,,, k a, u h u ,w ɨ r ã , u ʔ u, p ɨ t ũ,w a w ɨ, k ɨ̃ ,k u n u m ĩ,, k ɨ m i,,,,, k a ʔ a, p a n ɨ̃,,ɨ ɲ ã ,a k a j u ,ɨ w a t͡ʃ ĩ ,kʷ a ʃ i, r u h ɨ ,j o ,, a w a t i, m e n i d͡ʒ ũ ,,j o, k ɨ t ɨ̃ ,p u r a h ã , a r a , p u t i , m a n ũ,,m u j ã,k u t͡ʃ ã,, ʔ u ,,t ɨ k ɨ̃ , ɨ w ɨ ,k a r u, u p i ʔ ã,, e h ã ,,,,u , k ɨ j a ,, a t ã,,, p i r ã , p a ,, u t ĩ, p u t ɨ,w a w a ,m e r u i , p ɨ, j e i r ũ m u k ũ ,,,,, k u j ĩ ,m e ʔ ẽ , o,,k a t u, a m ũ ,k a ʔ a p i ,,,p o , a wã ,e k a h ĩ , u r i,, pʷ a r a , e n u ,, p u h ɨ ,kʷ a n u, p u t u h ũ , m a ʃ a k a r i ,, n u p ɨ̃ , kʷ ã , a k u ,a p ɨ ,a k ɨ k ɨ,e r e kʷ ã ,j a k a r a,j a w ã,j u k a , i n a p ɨ ʔ ɨ̃,, k u h ã ,, p u k ã , o w a ,,t a m a k ɨ̃, p u ʔ ɨ , p i ʔ ã , p u k u, m e ʔ ẽ ,, k ɨ, k u m a ʔ a,m a n i ʔ o ,,p u h ɨ,k a ʔ i ,j a h ɨ ,,,h ɨ ,,,,,,,,j a h u, p ɨ t ũ , t ĩ, t i p e ʔ ĩ ,,k a r a r u h u, a h ɨ,a d͡ʒ u r u , p a ,, a w ã ,k u t u ,,j e m a r a j , m a r ã,m i g a u,,,a m ɨ̃ , a ŋ u j a ,,p i r ɨ̃ ,r i,,, a p o ,,,j ɨ̃ ,j a j a,,j u k ɨ ,,k ɨ d͡ʒ a, e t͡s a k, a ʔ ɨ̃ , e k a r ,,,,, e n ɨ , a p ɨ , k a ,,t a k a n ʃ ĩ ,m o ,,m e m ɨ ,, j e ʔ ẽ ,j a n u ,, ,, i t ã ,t u w i h ã,,k o r a h ɨ ,,,,,e i kʷ ã ,t a p ɨ ʔ ɨ, m u ʔ a,m u m e ʔ u,,,,, m a ʔ a,m u a p ɨ ʔ ĩ ,j u ,t u p ɨ̃ ,,j i t e h u , o w a t i,,p e t ɨ̃ ,a i w a,, i w i r ã,j a b u t i,m u k ũ,p w i h ɨ,t u t ɨ ,,k u r u ,, e ʔ ẽ ,, a t ã,p u t ã ,h a ,k ã, ɨ ,u r a ,j e n e,,t͡ʃ ĩ , e m i r i k o ,,p e p u ,p e p o ,k u j ã , e w i ʔ i, j u, e n e 
AvaCanoeiro, u p a k a t u,dʒ ɨ w a, ɤ o w,,d͡ʒ ɨ kʷ ɨ g a ,k u p e , a ɨ w,t a kʷ a r ,m a e a p a r, p u r u ,a n ɨ r ,,k u m a n a,,ɨ p u ã, m o p e n , u r u ,w ɨ r a , t͡ʃ u , p i u n ,p ej u, k a ŋ,m i t ã ŋ, a k ã , k a m ,, k a j , a p ɨ, t ɨ m,k a k ɨ, p a n a m ,,ɨ a r a ,a k a j u ,ɨ w a t i ŋ ,kʷ a t͡ʃ i, r o ɨ , u r , k ɨ w a w , a w a t i, a m a n ɨ j u ,t u k u r ,dʒ a e o, k ɨ t͡ʃ i ,p o r a j, a r , p u t͡ʃ i , m a n o, k ɨ a ,j a p o,kʷ a t i a r ,p o r u, ɨ u , t i n i ŋ,t ɨ p ɨ w, ɨ w ɨ , u , u p i a, i k e, e a , o w ,a m o e t e,k a w ,u w , k ɨ j e ,kʷ ã ,t a t a,,j a k a j, p i r a , p e p , o , u ʔ i, p u t ɨ r ,w e w e ,, p ɨ ŋ ,,ʒ u i,a,,, k u ɲ a t a j ,m e ŋ, s o, u p i r ,k a t u,,k a p i , o w ɨ ,,p o , a p , k ɨ a w ,,k a ɤ a k a r ã, pʷ e r a β ,n a n o , j ɨ̃, p o ɨ j ,kʷ ã n u,, a r a k a l i ,j e m i m , n u p ã , kʷ a r , a k u p, o k ,w a l e w ,m e n ,j a k a r e,j a w a r a e t e u h u,j u k a , ɨp ɨ a , k ɨ e , kʷ a , ɨ p a w , p u k a , o w ,, e t ɨ m ã , p u a m , p ɨ a , p u k u, m a e , k ɨ n ɨ m , k ɨ w ,a kʷ a m a e,m a n i o k , e t a ,p o s a ŋ ,k a j,dʒ a ɨ ,,t i  ũ  , ɨ , a i ʃ o ,, a m u t a w ,p w ə̃ p e , e r , a j u r ,, p ɨ a w , p ɨ t u n , a p ɨ̃ i , m e p e n oa n ,, p a k a, a ɨ, ʒ u r u , a p e ,, a w a ,k u t u k ,,,m o m o r ,m i r a w, k u r u a, n o ŋ ,a m a n a, a r u j a , p ɨ r a ,p i r a ŋ ,dʒ e w ɨ g ,k ɨ r,ɨ a k ã ,,t a m,,w a k,, e n ɨ ,i t a i,u k u t i ŋ a,m o kʷ a e m , m a e, a ɨ̃ j ,, , a i m e ,p i r i k ,m a r a n ,p ɨ k ɨ r, a p ɨ k , k e r ,m i r i ,t a t a t i n g ,m o j, a m u ,m e m ɨ r ,,a n i ã ŋ,n ə n u , dʒ a ɨ t a t a ,dʒ a w e w ɨ r ,, i t a ,, t͡ʃ u ,kʷ a r,, e ,dʒ i t͡ʃ i k , ɨ t a w , u w a j,t a p i r , m o e ,m o m e w, p a m ,k u p i ,,, m a e,m o h a p ɨ,n u w ə t͡ʃ i,t u p ã ,, ,j a p ɨ t i , k a n e u,p e t a m ,p ɨ a dʒ e w e,, ɨ w ɨ r a,ʒ ao t i,m o k õ j ,,,,k a r u k ,, w e n , u r u w u, a t a,p u t a t ,j o j,k a w , ɨ ,o r e ,j a n e,r u r u ,t i ŋ, e m i r e k o , ɨ t u, p e p o, a w a ,k u j ã , e o i , j u w a j , n e 
Tupí,p a β ,j ɨ β a,u ʔ u β,t a n i m u k ,j ɨ ,a s e i a, a i β,t a kʷ a r ,p a k o β ,p a n a k ũ,a n ɨ r a, a β ɨ ,k o m a n a, e n ɨ β a a β ,p u r u ʔ ã, p e n a, u s u ,gʷ ɨ r a , s u ʔ u, p i ʃ u n ,p e j u, k a ŋ,k u r u m ĩ, a k ã , k a m , p ɨ t u , k a j , a p ɨ, t ɨ m, k a ʔ a, p a n a m , w á r i,ɨ ʔ a r ,a k a j u ,ɨ β a t i n ,kʷ a t i, r o ʔ ɨ , u r , k ɨ gʷ a β , a β a t i, a m i n i j u , k ɨ j u ,j a s e ʔ o, k ɨ t ĩ ,p o r a s e j, a r , k a ʔ a β , m a n o, k ɨ ʔ a , a k o,m o j e gʷ a p a, m o n e β , ʔ u , m o t i n i ŋ, k a ŋ , ɨ b ɨ ,k a r u, u p i ʔ a, i k e, e s a , o β ,kʷ e p e,k a β ,u β ,s ɨ k ɨ j e ,pʷ ã ,t a t a,m a m w a ,j e p e ʔ a β , p i r a , p e β , o ʔ o, u ʔ i, p o t ɨ r ,β e β e ,m e r u , p ɨ, i r u n ɨ,k u r u r u, i β , ɨ n ɨ s e m ,m o n o ʔ o g, k u j a t ã j ,m e ʔ e ŋ, s u,j eu p i r ,k a t u, a m ĩ j a ,k a p i ʔ i, o β ɨ ,a k a k u gʷ a β,p o , a β , u p a β , o r ɨ β ,t a gʷ a t o , pʷ e r a β , e n u β, ɲ ɨ ʔ ã , p o s ɨ j ,kʷ a n u, p ɨ t ɨ β õ ,s a p u k a j ,ɲ o m i m , n u p ã , kʷ a r , a k u β, o k ,a k ɨ k ɨ,m e n ,j a k a r e,j a gʷ a r ,j u k a , e n ɨ p ɨ ʔ a, k ɨ s e , k u gʷ a β, ɨ p a β , p u k a , o β ,ɲ a e m o ʔ e, e t ɨ m ã , a m , p ɨ ʔ a , p u k u, m a ʔ ẽ , k a ɲ e m , k ɨ β ,a kʷ ã i m a ʔ e,m a n i o k , e t e ,p o s a ŋ ,k a ʔ i ,j a s ɨ ,ɨ β ɨ t ɨ r,n a t iũ  ,s ɨ ,, a β ɨ , a m o t a β ,p u ã p e , e r ,j u r , a ɨ r ɨ , p ɨ s a s u , p ɨ t u n , t ĩ, o j e p e ĩ , a m o, p a k , a s ɨ,a j u r u , p e , a kʷ ã j , a β á ,k u t u k , n a n a,j e m o s a r a j ,,m i n g a ʔ u, j u r u m ũ, n o ŋ ,a m a n ,gʷ a β i r u, p ɨ r ,p i r a ŋ ,j e β i r , a j u β ,p a r a n ã, a p o ,i n i m b o , a p u ʔ a,ɲ a n ,a r u r u, e n ɨ ,j u k ɨ r ,ɨ β ɨ k u ʔ i ,m o n ɨ j , e p j a k, a ʔ ɨ̃ ɲ , e k a r , m o n d ó , a e m e e ,p i r a ,m a r a ʔ a r, e n ɨ r , gʷ a p ɨ k , k e r ,m i r ĩ ,t a t a t i ŋ,m o j,k e r a m u ,m e mb i r , a j, ɲ e e ŋ,j a n u ĩ , j a s ɨ t a t a ,j a β e β i r ,β i g á, i t a , a t ã, p ɨ t e r ,kʷ a r a s ɨ , p e i r , e ʔ ẽ ,j e t ɨ k , ʔ ɨ t a β , u gʷ a j,t a p i ʔ i r , m o ʔ e,m o m e ʔ u, p a β ,k u p i ʔ i, a p i a, a n a m  , m a ʔ e,m o s a p ɨ r ,j u ,t u p ã , a s e ó k a,j a t e β u k , a p ɨ t ĩ , k a n e ʔ õ,p e t ɨ m ,o i r ã , a p e k ũ, ɨ w ɨ r ,j u r a r a,m o k õ j , a i β ,t u t ɨ r , o r a β,k a r u k , a j u k ,m o j e β ɨ r, u r u β u, a t a,p o t a r , p a t u k a,k a β , ɨ ,o r e ,j a nd e,a k ɨ m ,t i ŋ, e m i r e k o ,ɨ β ɨ t u,p e p o , a β ,k u ɲ ã , e b o ʔ i, j u β , n e 
Nheengatu,p a,j u w a,i u m ũ,t a n i m u k a,ʒ i ,k u p e ,p u ʃ i,t a kʷ a r a ,p a k u a, j a m a ʃ i,a n i r a,j a w i ,k u nd a m i r ĩ, i n i w a,m u r u ã,a j u k a, u s u ,w i r a , s u ʔ u, p i ʃ u n a ,p e v u, k ã w e r a,k u r u m ĩ, a k a ŋ a , k a m i, i p ɨ t u , k a j , s a p i,j u t i m a , k a ʔ a, p a n a p a n a, u w a r i,ɨ h a r ,a k a j u ,n u v i,, i r u s a ŋ a , u r i, k i w a w a, a b a t i, a m a n ĩ j ũ ,,j a ʃ iu ,j a p i n a,p u r a s i , a r a , k a ʔ a , m a n ũ, k i a ,m u j ã,m u p i n i m a, m u n d é w , u , t i n i ,t i k a ŋ a , ɨ b ɨ ,mb a ú, u p i ʔ a, i k e, e s a , u a,,k a w a s a w a,p a j a,s i k i e ,p u ,t a t a,g a g a l u m a ,j e p e a w a , p i r a , p e w a ,s u u, u ĩ, p u t i r a ,w e w e ,m e r u , p i, i r u n i,k u r u r u, i w a,t e r e s e m u,, k u j ã t ã j ,m ẽ ʔ ẽ , t͡s u,j u p i r i,k a t u, ã m ũ ĩ,k a ʔ a p ĩ ,s u i k i r i ,j u m u ɲ ã,p u , a w a ,m a k i r a, u r i, w i r a w a s u, kʷ e k a t u, e n u , p i á , p u s e ,kʷ a n u, p u ʃ i r ũ ,s a p u k a i a,j u m i m i, n u p a , kʷ a r a,s a k u , u k a ,w a r í w a,m e n a,j a k a r e,j a w a r e t e,j u k a , i n i p i a, k i s e , k u a w,, p u k a , a w a ,ɲ a e m o ʔ e, e t i m ã , p u ʔ ã m u, p i ʔ a , p u k u, m a ã , k a ɲ e m ũ, k ɨ w a ,a p i g a w a,m a n i a k a , r e t a ,p u s a ŋ a ,,j a s i ,i w i t i r a ,k a r a p a n ã, m a ɲ a , j a j t͡ʃ ,,,p u a m e , e r a,j u r a , u a t i , p i s a j u , p i t u n a , t ĩ, j e p e, ã m ũ, p a k a,s a s i,p a r a w a , p e , a k u j ã, a w á ,k u t u k a, n ã n ã,j u m u s a r a j ,,m i n g a u, j e r i m ũ,mb ú r i ,a m ã n a,w a w i r u,,p i r a ŋ a,j u w i r i,t i a n r u,p a r a n ã, s a p u ,i n i m u , a p u ʔ ã, j a n a ,s a s i a r a,,j u k i r a,i w i k u í ,m u k a j e m u, m a ã,t a i ɲ a , j u k a , m u n u , a i m e ,p i r e r a,, e n i r a, w a p i k a, k i r i,m i r i ,,b u j a ,,m i mb i r a, a i, j ẽ ʔ e ,j a n u , j a s i t a ,j a w a w i r a,, i t a ,k i r ĩ m a, p i t e r a,k u r a s i , p i ʔ i r i,s e ẽ ,b a t a t a, w i t a, u a j a ,t a p i ʔ i r , mb u é , m e u, p a ,k u p i i,,, m ã ʔ ã,m u s a p i r i ,j u ,t r o v ã,k u r u k a ,k a r a p a t u, a p u t i , kʷ e r e,, i r a n e,k ũ,m i r a,j u r a r a,m ũ k ũ j ,p u ʃ i w e r a,t u t i r a,j u r a w,k a r u k a , s a j k a, w e n a, u r u b u, w a t a,p u t a r i,m u j a s u k a,k a w a ,i í ,j a nd e,j a nd e,a k ɨ m ,t i ŋ a , i m i r i k u , w i t u,p e p o ,s a w a ,k u j ã ,ʃ i b u i ,t a w a, n e 
Kokama, u p i, i w a,u w a ,t a n i m u k a,j ɨ g ,j a t u k u p e ,,t a k a r a ,p a n a r a, w a r a t a,a n ɨ r a,,,,t͡s e w e k a,ʃ a w t a, t u ,w ɨ r a ,k a r u t a, t͡s u n i ,t͡s a p u, k a n u a r a,k u n u m i,t͡s a k a m i a, k a m a,i j a t͡s ɨ k i ,u k i t a ,u k i,j a t ɨ m a ,ɨ w ɨ t a t ɨ, p a n a m a , u w a r i,ɨ a r a ,,ɨ w ɨ t i n i ,a t͡ʃ u n i,t͡s ɨ r i , u r i, k ɨ w a , a w a t i, a m a n i u ,t͡ʃ i r i r i,j a t͡ʃ u ,t͡s a k ɨ t a ,p u r a t͡ʃ i ,kʷ a ʃ i, k a p i ,u m a n u,,j a u k i,kʷ a t i a r a,,k u r a t a, k ɨ p a t͡s a, i k a n a ,t u j u k a, e j u, u p i a, a k i, t͡s i t͡s a t͡s e,t͡s i t͡s a,a m u t͡s e, i k a w a,p a p a, a k ɨ t͡ʃ a ,pʷ a ,t a t a, m w a , i p i a ,i p i r a , p e w a n,t͡s u , u i,t͡s e t͡s a, u w e ,m e r u , p ɨ t a , i r u a k a,, i a, i m i t͡s a m a,j a t ɨ r ɨ t a, k u ɲ a t i ,j u m i,u s u,w a r i k a,e r a, a m ɨ ,k a r u r a, ɨ k ɨ r a ,a i p a,p u a,j a k ɨ t͡s a,t u k i n i,t͡s a r i w a , w ɨ r a t͡s u ,m u t͡s a n a k a, e n u , i j a ,i p u t͡s i ,kʷ a n a j u w a,j u m u i j a r i,a t a w a r i,j a m i m i,i n u p a , kʷ a r a,t͡s a k u , u k a ,w a r í w a,m e n a,j a k a r e,a ɨ m a n t a,u m a n u t a,t͡s e n e p i a, k ɨ t͡ʃ ɨ ,i k u a ,t i p i ʃ k a,a p u k a ,t͡s a,i kʷ a, t͡s u t ɨ m a ,i p a m a, p ɨ a ,i p u k u,u m i , t͡s u p a r a, k ɨ w a ,n i a p i t s a r a,u w i, t͡ʃ i t a ,m u t͡s a n a ,k a j u ,j a t͡s ɨ ,ɨ w a t a ,j a t i u , m a m a , j a j ʃ ɪ ,, m u t a ,p ɨ t͡s a p e , i r a, j a t͡ʃ u k a ,,ɨ p ɨ t͡s a t͡s u n ,ɨ p ɨ t͡s a , t i, w e p e, a m u a , p a k a,t͡s a t͡ʃ i, r u r u , p e ,w i r a, a w a ,k ɨ t ɨ k a, n a n a,j u m u t͡s a r i k a ,,p a t a t a,k u j e r u ,j a n u k a ,a m a n a,t͡s a n u j a ,k a k ɨ r ɨ,p ɨ t a n i,i r i w a k a t a,p ɨ t a n i n,p a r a n a, t͡s a p u a,i n i m u ,j a p ua ,j a p a n a ,j a m ɨ m a,j u r u t ɨ a, t e w e,i t i n i ,j a p a n a t a,u m i ,t͡s a i , i k a r i,j u m u n u , a i m i t a ,p i r w a r a,a j k u a,k ú n i a, j a p ɨ k a, k ɨ r ɨ,m i r i ,t a t a t i n i ,m u i,,m e m ɨ r a, a j,k u m i t͡s a,j a n u , t͡s e t͡s u ,j a w a w ɨ r a,e j u n t͡ʃ i r u, i t a k i ,w ɨ k a, t͡ʃ u t͡ʃ u,kʷ a r a t͡ʃ i ,t i p i r i,t͡s e i n ,j i t i k a, ɨ a t a, t͡s u i,t a p i r a ,j u m i t a,t͡s a n a t a, u p a t a,k u p e a,t͡s a p i a,k u r u k u r u, m a r i,m u t͡s a p ɨ r ɨ k a,j u w a,t u p a ,,m a p i a r i,t ɨ k ɨ t a,ɨ p u r i, t a t a t i n i ,,k u m ɨ r a, ɨ w ɨ r a,l i p i t͡s u,m u k u i k a , a ɨ t͡s e ,p a i,t ɨ k ɨ t a w a r ã,kʷ a r u k a , t͡s a j k a, w e n e, u r u p u, w a t a,t͡s e t a,t͡s i k u t a,k a w a ,u n i, i n i, i n i,t ɨ a,t i n i , e m i r i k u a,ɨ w ɨ t u,p e p u ,w ɨ r a t͡s a,w a i n a,t͡s ɨ w ɨ j , i ʔ u, e n e 
Omagua, u p a,j ɨ w a,u w a ,t a n i m u k a,j ɨ ,j a t u k u p ɪ ,,,p a n a r a, s a p a r u ,a n ɨ r a,,p u r u t u,,s ɪ w ɪ k a, s e b u j, w a s u ,w ɨ r a ,k a r u t a, s u n i ,s a p u, k a n u a r a,t͡ʃ u n a n i, a k a m a , k a m a,ĩ j a s ɨ k ɨ j,u k a j ,u k a j,j a t ɨ m a ,, p a n a m a , gʷ a i,ɨ a r a ,,ɨ w ɨ t i n i ,,s ɨ r a j , u r i, k ɨ w a w a, a w a t i, a m a n i u ,ʃ i r i r i,j a ʃ ua ,s a k ɨ t a ,j a r u p a ʃ i,kʷ a r a ʃ i, k a p ɪ ,u m a n u,ɨ k ɨ a ,i p u r a k a,p a r a w a t a,a r i t a,k u r a t a,i k i a n a t a, i k i a n a,t u j u k a, ɪ u,s u p i a, a k i, s i s a s a j,s i s a,a m u s ɪ,,p a p a, a k s ɨ a ,pʷ a ɨ a n t i,,m a j s o s a k w a r a, ɪ p ɪ a ,i p i r a , p ɪ w a ,s u , u j ,s ɪ s a,u w ɪ w ɪ ,m ɪ r u , p ɨ t a , ɪ r u a k a,,,t i m i s a m a,j a t ɨ r ɨ t a,w a w a n k ɨ r a,j u m i, s o,w a r i k i a,ɪ r a, a m u j,, ɨ k ɨ r a ,t u a,p u a,,t u kʷ i n i,s a r ɨ w a , w ɨ r a w a s u,m u s a n a k a,s ɪ n u , ĩ j a ,i p u ʃ i ,,j u m i a w ɨ r a,a t a w a r i,j a m ia m a,i n u p a ,,s a k u , u k a ,,m ɪ n a,,,u m a n u t a,s ɪ n u p u a, k ɨ t͡ʃ i ,i k u a , ɨ p a s u ,a p u k a ,s a w a ,i kʷ a,,, p ɨ a ,i p u k u,u m a j, u k a j ɨ m a, k ɨ w a ,j a p ɪ s a r a,, ʃ i t a ,m u s a n a ,m i j a r a,j a s ɨ ,,j a t i u , m a m a , m i a s i ,, m u t a ,p ɨ s a p i ,ʃ e r a, j a ʃ u k a , s a j t ɪ,ɨ p ɨ s a s u ,ɨ p ɨ s a , t i, w i p i, a m u a ,,s a ʃ i,, p ɪ ,w i r a, a w a ,, n a n a,j u m i s a r i k i a,,, u kʷ ɪ r u ,j a n u k a t a,a m a n a,k i j a r a,k a k ɨ r ɨ,p ɨ t a n i,ɪ r ɪ w a,,p a r a n a, s a p u a,i n i m u ,j a p ua ,j a p a n a ,,, t ɪw ɪ,i t i n i ,,u m a j,s a j , ʃ i k i a r i,j u m u n u ,s a j m ɪ k a ,p i r u a r a,a j k u a,k u n i a, j a p ɨ k a,o k ɨ r ɨ,,t a t a t i n i ,m u j w a s u,,m ɪ m ɨ r a, s a j,k u m ɪ s a,j a n u , s ɪ s u ,j a w ɨ r a,, ɨ t a k i ,w ɨ k a,,kʷ a r a ʃ i ,t i p a i r i,s ɪ,, ɨ a t a, s u j,s a t͡ʃ a v a c a,j u m u j t a,ɨ p a p a r i, u p a t a,,t͡s a p i a,n u a j a ʃ i,,m u s a p r ɨ k a,j u a,, u r u r u ,p ɪ r a t a,t ɨ k ɨ t a,u kʷ a r i, t a t a t i n i ,k a m u t u n i,k u m ɨ r a, ɨ w ɨ r a,,m u k u j k i a, a i s ɪ ,t u t ɨ r a,j u r a w a k a,kʷ a r u k a , s a j ɨ k a, w ɪ n a, u r u p u,u w a t a,s ɪ t a,s u k u t a,k a w a ,u n i,t a n a,j i n i,t ɨ a,t i n i ,m i r i k ua ,ɨ w ɨ t u,p ɪ p u ,s a w a ,w a y n u,u r a, i j u, ɪ n ɪ 
Yuki,χ a,j i β a,g u u ,t a t a h o ,,k i t e,e t i ã b e t e,,k i a ,, b w ɨ,,,r o r ũ m b a, ɨ e, p ẽ n , gʷ a s u ,g u r a , s u u,t õ d a r u, i j u, k j ã g w e ,,,e k i t ã,, k j a i , s a j ,j u t a ,k j a ,χ o χ o , ʔ a ,n e r a,,,, i s a , u ,a b a i b i t i r õ n k j a, i β a t͡ʃ i, n ĩ b o ,,j i r a s e, kʷ a s i j a,j i r u k i,t ẽ n d a,,o m a n o,e r õ,j o ,,t o a m o r e , u ,b e t u b a, i r u, i β i ,k j a r u, i a , k e, e s a , u β a,p e j e,k i r a ,u ,s i k i j e ,o o , a t a, gʷ ã , j a , h i r a ,, o ,, u t i,β e β e ,b e r u , i s ã ,,,a ĩ , i s ẽ ,j e t e,j i t i,m o r o , t͡s o,j i w i ,k j a t u,k i u t ĩ n d a,, j a k i ,u b u, o o, a, k i s a ,i o t e,,b e r a s i ã,s ẽ d u , i ã ã , u s i ,,j i b i k i,e t i m a gʷ a,j i m i ,k u t o r a,,j a k j u ,s u j a,,r u,j i k i a r e,j a g w a,j u k j a , n i a , k i s e ,a k j a t u , i h a, j u j a i, o,,o gʷ e, u ã , i a ,e r u b i, m a a , k i a j a, k ij, k ẽ b a ,, e t a t ẽ,b e r a s iã k ia ,k j e ĩ ,j a s i ,i β i h u ã,ɲ a t i ũ ,t a ĩ,,,, u ã ĩ ,,j i r u , k i s a, w i s a u , h i t õ ,ã gʷ a,k j o j õ,j e χ õ õ,, a s i, j i r o , i kʷ e ,r a k õ , a β a ,,,j i b i t i t i,j i b i t i t i,,,m o r e ,j a kʷ i kʷ i,t͡ʃ u g u j a ,e h i, i r ã ,j i b i j i,,a m a, ,,,j ã ,b e t e,,s a l ,i β i k i t͡ʃ ĩ , b i r i , m ã ã, a ĩ , s e k i a , m o r o ,, e kʷ e , r a s i,r i k ĩ , kʷ a i , k j e ,r i r ĩ ĩ, t͡ʃ ĩ ,b o i,k i n ã m p i ,j i t i,e t a i, j ẽ ,j u t͡ʃ i t͡ʃ i,j a s i r i r ĩ,, ɨ e, i t a ,g u r a k õ,,t ẽ d a,t i ,e s u χ ĩ,, i t a t a , u gʷ a i,,b a r a k w a,m e b e ,b e r o,,r i a,, b a ,i j e s ẽ ẽ,,t o t o n a j,s o k ɨ a t a,,, k u r a j, t a t a t͡ʃ i,j i t͡ʃ ã, ẽ k j õ, i r a,k e r ẽ m b e,j e s e,n a n õ ŋ i a,t ã ĩ r u k i a t ũ n d a,m o r o k i á,kʷ a r u , r a j i , kʷ e, u r ú w u, kʷ a t a,s é r e t e,i r e,, i ,o r e ,n ã d e,i s a i,t͡ʃ i ,b i a n é s i,i β i t u gʷ a s u,, e r o o,k j u j a ,b a r a s o, a j u, d e 
Guarayo,p ã v ã ,j ɨ β a,h u h u,t a n i mb u ,,k u p e ,n a p õ r ã j,t a kʷ a r ,a p u,,a n ɨ r a,,k u m a n a, e nd i b a, i e,mb u j mb u j, gʷ a t͡s u ,β ɨ r a , s u ʔ u,ũ,p e j u, k ã ŋʷ e r ,k u n u m i, ã k ã , a k ã , p ɨ t uẽ ,, a p ɨ,ɲ o t ɨ , k a ʔ a, p a n a,ŋ o ɨ,ɨ h a r ,,i β a kʷ i a ,kʷ a t͡ʃ i, r o ɨ k a ,j u , kʷ i gʷ a , a b a t͡ʃ i, m a n d i j u , k ɨ j u ,j a a , j a t͡s ɨ a ,p ɨ b o j, a r , p o t͡ʃ i , m a n o,,j a p o,, m o n d e p , ʔ u , p i r u,p i r u, ɨ β ɨ ,k a r u, u p i ʔ a, i k e, e s a , o β a,a m o mb ɨ r ɨ,k ɨ r a ,u ,t͡s ɨ k ɨ j e ,p o ,t a t a,,j e p e ʔ a , p i r a , p e , o ʔ o,k u ʔ ɨ, p o t ɨ r ,β e β e ,m e r u , p ɨ,,k u r u r u,a,t e n ɨ h e ,, k u ɲ a j ,m o nd o , s o,j eu p i ,k a t u,,k a p i i,, kʷ a kʷ a ,kʷ ã , a, ĩ n ĩ,,t a gʷ a t o ,, e n d u ,a t õ p i r, p o s ɨ i ,,,t a k u r a,,kʷ a, kʷ a r ,t͡s a k u ,o ɨ ,k a r á j a,m ẽ r ,,d͡ʒ a kʷ a,j u k a , e n ɨ p ɨ a , k ɨ t s e , kʷ a , ɨ u p a, p u k a , o, j e mb o ʔ e, e t ɨ m a , p ũ ʔ ã , p ɨ ʔ a , p u k u, m ã ʔ ẽ ,, k ɨ, k u i m b a ʔ e,m a n i o, r e t a ,p õ z ã,k a ʔ i ,j a s ɨ ,ɨ β ɨ t ɨ r,ɲ a t͡ʃ ĩ ũ ,s ɨ , e t͡ʃ a r i ,, a m o t a ,p o a p e͂ , e r , a j u r u p ɨ,, p ɨ a s u , p ɨ̃ t ũ ,ã, j̃ e p ẽ i , a mb u a e , p a ɨ, a t͡s ɨ,a j u r u , a p e r ,, a β a ,k u t u ,,j a p a j a p o,,,,m o n d o,a m a r ,t s a m ɨ̃ j a,,p ĩ r ã ,j e w ɨ ,,ɨ   , t͡s a p o ,, a p ua ,ɲ ã ,,,j u k ɨ r ,ɨ β ɨ k u ʔ i ,m o n d i i, e p i a , a ʔ ɨ̃ i , e k a , m a n d , a j m e ,p i r e r ,a t͡s ɨ, i n d ɨ r , w a p ɨ , k e r ,m i n i , a t ã t͡ʃ ĩ ,mb o j,,m e mb i r ,, ŋ ẽ ʔ ẽ ,ɲ a n u , j a t͡s ɨ t a t a ,j a b e b r u, i e, i t a , ã t ã, p i t e , a r ɨ ,t ɨ p e í ,,j e t ɨ , ɨ t a, u w a i,, mb o ʔ e,m o mb e ʔ u,,k u p ɨ i,t a p i a,i p i, m a e,m o z a p i,j u , o s u n u ŋ,j e s ɨ ʔ o ,j a t e b u , p ɨ̃ t͡ʃ ĩ ,, t a t a t ĩ,a ŋ i i b e, a p ẽ k ũ, ɨ β ɨ r a,,j u n i o,,m i a ŋ a,j o r á ,kʷ a r u ,, w ẽ ʔ ẽ , u r u b u, w a t a,p o t a ,j o s e i,k a u , ɨ ,o r e ,j a nd e,ã k ĩ ,t͡ʃ ĩ , e m i r e k o ,ɨ β ɨ t u,p e p o ,mb a ʔ e p e p o ,k u j ã ,t͡s e b o ʔ i, j u, nd e 
Sirionó,h a,t͡ʃ i β a,u u ,t a t a β a ,i t a,a s õ j ,i kʷ ã,t a kʷ a,k i a á,,m b u ɨ,t͡ʃ a v i ,, mb u t a, i e, m o p e , k a s u ,g i r a , s ɨ u, õ d e , ɨ t͡ʃ u, k iã ŋ e ,t͡ʃ u kʷ a a k e, ã k a , k i ã ,i a b u,, ej,j u t ã ,k j a a, h a n ã, ʔ a , i r a m b é k e ɨ j i,,p ã ɨ,,i i s ã , u ,, a b a t͡ʃ i, n ĩ t ʃ u ,t i k i r ã,t͡ʃ e s eo , k i s e ,dʒ e r o k ɨ, a r õ ,  u ʃ i , m a n o, k i a ,t͡ʃ a o,,, u ,, ɨ r u, i β i ,k a r u, t͡ʃ ɨ a, ɨ k e, e s a , u β a,p e e,k i r a ,u ,s i k i t͡ʃ e ,kʷ ã ,t a t a, gʷ ã ẽ,dʒ e a , h i r a , i b e r a , o o,k u i, u t i,m b e β e ,m e r u , i,,k u r u r u,e ɨ , mb i s ẽ ,m a n u ã ,,m o n o , h o,t͡ʃ u i ,k j a t u, a m õ j,, u b i ,s i r i, o , a, k i s a ,,m i t͡ʃ u,mb u t͡ʃ e r õ, ã n d u , t͡ʃ i ã , u s i ,t a e,m i n g a,,t͡ʃ i m ĩ ,,, a k u ,t͡ʃ u t͡ʃ u a,,r u,n i k a r e,t͡ʃ a kʷ a, ɨ k j a, n i ã , k i s e , kʷ a ,a m ã n d ɨ ʃ a, i k a , o,ɲ i mb a k i a t u, e t i m ã , u ã , i a , e o k o, m a ẽ , k a t͡ʃ a , k ĩ, k i m b a e, n i o, r e t a ,m u t͡ʃ e r õ s a,k j e ĩ ,dʒ a s i ,i β i t i ,d i ʃ i õ ,s i ,o t͡s o ,r a b e , e m u t a , o a e͂ , e ,d͡ʒ u r u i ,e kʷ i s a,i a s u, i t õ ,ã,m ɨ ɨ , m õ,e r u, a s i,n j u r u , a e , a kʷ ẽ j , a β a ,g u t u ,,ɲ ɨ mb u s a r ɨ ,,t i b a r ẽ n d i,i b a m o,m o n d o,a m ã ,s i kʷ i t͡ʃ a , i, ɨ r e ɨ̃, n a kʷ a t e, e a w ,a m ã, r a o ,k i s a t͡ʃ u k e,h ua,t͡ʃ ã ,e j a e ã, e n i ,i t a ,ɨ t a k ɨ ɨ ʃ ɨ̃,m u n i d i, e a , e ɨ̃ , e k a , m o n o ,e r ĩ m e , e k e ,a s i,a r i, k o i , k e ,, a t a ʃ ĩ ,mb e j,k e n ã m u ,t j u kʷ a a k e, r e j, t͡ʃ ẽ ,ɲ u n u ʃ i, t͡ʃ a s i t a t a ,ʃ i r ae, i e, ɨ t a , r e k o,r e r e,t e n d a,t i i,t͡ʃ e j ,ɲ ĩ t ĩ , i t a, o kʷ e ɨ,e ã kʷ ã t o j,,u e,r ã m o n t e,,t͡ʃ i a,e a n a  , m a e,t͡ʃ e r e m õ h i r i,t͡ʃ u ,a m ã n d ɨ u,t͡ʃ o s o i , t e b u ,t͡ʃ i i s ĩ , k e n e ã,t a t a ʃ ɨ̃ , k õ õ, e k õ, i r a,k õ n õ m e,d͡ʒ e r e m o,e i k ã,t͡ʃ a r e,nd o s o,kʷ a r u ,e r a t͡ʃ i , kʷ e e , u r u b u, kʷ a t a, o ʃ ɨ ,t͡ʃ o s e ɨ,kʲ a, i ,u r e ,n a nd e,ɲ i a,ʃ ĩ , e d i r e k o ,k ɨ r ɨ r ɨ ã, e o , e o ,k u ɲ ã , o s o, e t͡ʃ u, n e 
Warazu,m a,ð i w a, ,t ə n i m ɨ ,ð i ,a ɨ p i ,,t a kʷ a r a ,p o k o ,m i n ə k u,m o p ɨ , a w i ,p e ð ə,a m u t a,p u r u ʔ ã, m õ p e , w u h u ,w i r a , h u ʔ u,ũ,p e ð u, k a w e ,k u n u m ɨ, ə k ə , k ə , p i ʔ a w u , k a ɨ , a p i, t i , k á ʔ a,t ə k ə m ɨ r ə r ə, a , j tʃ a r a , k a i u ,i w ə j t͡s ɨ ,w a t͡s ɨ, ɨ r o ʔ i , u , k í w o , a w a t͡s ɨ, m a n i ʝ u ,h a w i ð u r e,ð a h é ʔ o, k í t͡s ɨ ,k á ʔ u , a r ə , k a r ɨ ʔ ɨ, m a n o, k í ʔ a ,ð a p o,m u ð í w a, ð e m o n e , ʔ u ,m o p ɨ r u,p ɨ r u, i w i ,k j a r u, u p ɨ ʔ a, ɨ k e, e h a , u w a,,k i r a ,u ,h e k i ð e ,p ã k ã ,t a t a,,ð a p é ʔ a , p ɨ r a , p e , o ʔ o,k u ʔ ɨ, p o t i,w e w e ,m e r u , p i,o ð a w o t s o m a,k u r u r u,i w a, i n i h e ,m o n o ʔ u , k u ð a m u k u ,m o n o , o,ð ó p i ,k a t u, ə m ə ɨ,k a p ɨ ʔ ɨ, o w i , k a kʷ a ,p o , a w a ʔ i, k ɨ h a w , o r i,,p u h a n a, e n u , ð e ʔ ə w e, p o h i ,, p o t i w o ,t a k u r a,ð o m i , n u p ə , kʷ a , a k u ,o i ,k a r a ð a,m e ,ð a k a r e,ð a w a,ð u k a , e n i p ɨ ʔ ə, k i h e , kʷ a , i p a, p ú k a j, o w e , ð e m o ʔ e, e t i m ə , p u ʔ ə , p i ʔ a kʷ e , p u k u,é p a , k e ð i , k i, kʷ ɨ m a ʔ e,m a n ɨ ʔ o i , t j e r ə ,p u h ã n ã h a,k a ʔ ɨ ,ð a h i ,i w í t i ,ð ã t͡s i ʔ ú ,h i , a i t͡ʃ o ,, a m u t a ,p e , e , a ð u,, p i a h u , p i h a ,a w a, m u p e ð o , a m a e , p á i, a h i,a ð u r u , a p e , a p ɨ ʔ a, ə w ə ,k u t u ,ə n ə n ə,ð a r u ,m o m o ,,m i k i,m o n o,ə m ə ,h a w i ð a , p i ,p ɨ r ə ,ð é w i , ʔ a ð u ,i   , a p o ,e n ɨ m o , a p u ʔ a,ð ã n ɨ,k ɨ r ɨ r ɨ, e n i ,ð ú k i ,i w i k u ʔ ɨ t͡s ɨ,m o p ɨ r ɨ , e p a , ə ʔ ə ɨ , e k a , m o n o ,o t͡s o,p e kʷ e ,m ã r ã , é ɨ ɲ i , w a p i , k e ,m ɨ n ɨ , ə t ə t͡s ɨ ,m o ɨ,k é r a m u ,m e m i , h a ɨ, ð e ʔ e ,ð ã n u , ð a h i t a t a ,ð a w é w i ,p ɨ ʔ a, ɨ t a ,p ɨ r ã t ã,e p i t e ,kʷ a r a h i ,t i p e ɨ ,t i a p ɨ,ð é t i , ʔ i t a, u w a ɨ,t a p ɨ ʔ ɨ, m o ʔ e,m o m e ʔ u, p a ,k u p ɨ ʔ ɨ, a p ɨ ʔ a,ð a n a  , m a e ʔ e ,m ɨ r u,ð u , j a p u,ð i h í ʔ o i ,m u t é w i, ə p i t͡s ɨ ,p ɨ t j u w a,p é t i , k ú i r e ,k u, i w í r a,ð o w o t͡s ɨ,m o k w e i , a ɨ ʝ e ,t ú t i ,ð u r a ,kʷ a r u , a ð i w e,w e w e ʔ e , u r u w u, w a t a,p o t a r , p i t u k a,k a u , i ,o r e ,ð a n e,ð i a,t͡s ɨ , e m ɨ r e k o ,i w í t u,p é p o , a w e ,k u ð ə ,h e w o ʔ i, ð u k i r i, n e 
Chiriguano,p ã w e ,j i w a,u v i ,t a n i m u ,j ɨ ,k u p e ,p ó ʃ ɨ,t a kʷ a r ã s ɨ,p a k o v a,mb a e r ɨ r u ,a n ɨ r a,j a v ɨ ,k u m a n a, e nd ɨ β a, ɨ e, p ẽ ,o w e t e o ,gʷ ɨ r a , s u u, h ũ,p e j u, k ã gʷ e ,k u n ũ m i, ã k a , k á mb ɨ, p ɨ t ũe , k a i , a p ɨ,ñ õ t i , k a a, p ã n a p ã n a, ʔ a , t͡ʃ a r a n a ,,ã m a ,, r o ɨ ,j u , k ɨ w a , a w a t i, m a n ɨ j u , k ɨ j u ,j a e o, k ɨ̃ t i ,p u r á e , a r a , p o t i , m ã n o, k ɨ a , a p o,m o r e t͡ʃ a, m o n e , u , m u t ĩ n i ,t ĩ n i , ɨ β ɨ ,k a r u,h u p i a, i k e, e s a , o w , m o m ɨ r ɨ,k ɨ r a ,u , k ɨ j e ,kʷ ã ,t a t a,t͡ʃ a n o p é r a,j e p e a, p i r a ,p o p e , o o,k u i, p o t ɨ,v e v e ,m e r u , p ɨ, i r u n ɨ,k u r u r u, i á,t ɨ n e ẽ ,mb o a t ɨ , k u ɲ a t ã j ,m ẽ e , o,j u p i ,k a t u, ã m ɨ i,k a p i i, o w ɨ , kʷ a kʷ a ,p o , a, k ɨ a , o r ɨ,kʷ i r a p i n t a, kʷ e r a , e n u , p ɨ a , p oɨ,k u i i,mb o r ɨ,u r u,ñ o m i , n ũ p a ,ɨ v ɨ kʷ a , a k u , o o ,k a r á j a,m e ,j a k a r e,j a w a,j u k a , e n e p ɨ a, k ɨ s e , kʷ a a , ɨ p a, p ú k a , ó o , j e m o e,t ɨ̃ m a , p ũ a , p ɨ a , p u k u, m ã e ,m o k a ɲ ɨ , k ɨ, k u i m a e,m a n i o, h e t a ,p õa ,,j a s ɨ ,ɨ v ɨ t ɨ ,ɲ a t ĩ u ,s ɨ , a i s o , ã β e , e m o t a ,p ã p e ,e e , á j u, a i t ɨ , p ɨ a u , p ɨ̃ t u , t ĩ,p ẽ t i , a m u e ,, a s ɨ,a j u r u , a p e , ã k w a j, á β a ,k u t u ,k a r a gʷ a t a,p o,m ó mb o ,k a gʷ ɨ j ɨ ,u w a n d a k a, ɲ o n o,ã m a , a ŋ u j a , p í r a ,p ɨ̃ t a ,j e,a gʷ ɨ j e ,ɨ ã k a , h a p o ,t ɨ m ã s a , a p ua ,s i ,p ɨ a t ɨ t ɨ, e n ɨ ,j u k ɨ ,ɨ v ɨ k u ĩ t i,m o n g ɨ j e, e t͡ʃ a ,h ã ɨ , e k a , m o n o ,h a i m e ,p i r e ,a s ɨ, e i n d ɨ , gʷ á p ɨ , k e ,m ĩ ʃ i ,t a t ã t i ,m o j,k e r a m u ,m e m ɨ , h a j a s ɨ , ñ ẽ e ,j a n d u t i, j a s ɨ t a t a ,j a v e v i ,p ɨ a, i t a , ã t a, p ɨ t e ,kʷ a r a s ɨ ,t ĩ p e i ,h ẽ e ,j e t ɨ , ɨ t a,h u gʷ a i,m b o r é w i, m o e ,m o m e u, p a ,k u p i i,t a p i a,p o w a s u, mb a e,m o a p ɨ,j u u ,a m a r ɨ á p u, a s e o ,j a t eu, a p ɨ̃ t i , k a n ɨ , t ã t ã t i,p ɨ a r e v e,k ũ, ɨ w ɨ r a,k a r u m e,m o k õ j , k a v ĩ a ,t u t ɨ ,j o r a ,kʷ a r u , a j ɨ , gʷ ẽ e , u r u h u gʷ a , w a t a,p o t a , p u t u k a,k a v ẽ e,ɨ ɨ ,o r e ,j á nd e,ã k ɨ ,t ĩ i, e mb i r e k o ,ɨ v ɨ t u,p e p o , a gʷ e ,k ũ ŋ a , a s o, j u, n e 
GuaraniMbya,p a,dʒ i w a,u ʔ ɨ ,t a n i m u ,h a t͡ʃ a,k u p e , a i ,t a kʷ a o w ɨ,p a k o β a,a j a k a,mb o p i , a β ɨ ,k õ m a n a, e nd ɨ β a,p u r u ʔ ã, m o p ẽ , gʷ a t͡ʃ u ,gʷ ɨ r a , t͡ʃ u ʔ u,ũ,p e dʒ u, k a ŋʷ e ,k u n u m i, ã k ã , k ã , p ɨ t õ ʔ ẽ , k a j , a p ɨ, a t ɨ , k a ʔ a gʷ i ,p o p o, ʔ a ,j a ,,a r ai,t͡ʃ i ʔ ɨ, r o ʔ ɨ ,dʒ u , k ɨ gʷ a , a w a t͡ʃ i, a m ã n e dʒ u , k ɨ dʒ u ,dʒ ae ʔ o , k ɨ t ĩ ,dʒ e r o k ɨ, a r a , k a ʔ a , m a n o,ɨ k ɨ ʔ a ,dʒ a p o,e m o p a r a, m o n e , ʔ u ,m o mb i r u,p i r u, ɨ β ɨ ,k a r o, u p i ʔ a, i k e, e s a , o w , m o m ɨ r ɨ,k ɨ r a ,u , k ɨ dʒ e ,kʷ ã ,t a t a, m w ã ,j a p e ʔ a , p i r a , mb e ,t͡ʃ o ʔ o,k u ʔ i, p o t ɨ,β e β e ,m e r u , p ɨ, i r u n ɨ,k u r u r u, ʔ a,t ɨ n ɨ h ẽ ,m o n o ʔ o , m i t a k ũ ŋ ã ,m e ʔ ẽ , h o,dʒ u p ɨ ,, a m õ j,k a ʔ a p i , o w ɨ , k a kʷ a ,p o ,ʔ a, k ɨ a , o r ɨ,t a gʷ a t o , kʷ e r ã m a, e n u , p ɨ ʔ a ,i p o ʔ i ,k u ĩ , p ɨ t ɨ v õ ,u r u,ɲ e m e ,u n g a, kʷ a , a k u , o ʔ o ,k a r a dʒ á,m e ,dʒ a k a r e, a gʷ a r a ,dʒ u k a , e n a p ɨ ʔ ã, k ɨ t͡ʃ e , kʷ a ʔ a , u p a, m u k a , o gʷ e ,kʷ a ʔ a, e t ɨ̃ m a , p u ʔ ã , p ɨ ʔ a kʷ e , p o k u, m a ʔ ẽ , k a ɲ ẽ , k ɨ, k u i m a ʔ e,m a n i ʔ o, h e t a ,p oã ,k a ʔ i ,dʒ a s ɨ ,ɨ v ɨ t ɨ ,ɲ a t ĩ ʔ ũ ,ʃ ɨ ,m e n a s ɨ,,,p o a p ẽ , e r ɨ, a j u, h a i t ɨ ,i p ɨ a ʔ u , p ɨ t u , t͡ʃ ĩ,p e t e ĩ , a m o a e ,dʒ a i t͡ʃ a, a t͡ʃ ɨ,p a r a k a w, a p e , a kʷ ã j ,,m o kʷ a,k a r a gʷ a t a ʔ i,ɲ e m o b o a r a j ,m o mb o ,mb a i p ɨ,a n d a i,m o ĩ,o k ɨ, a ŋ u dʒ a , p e r e gʷ a,p ɨ t ã ,dʒ e w ɨ , dʒ a dʒ u ,ɨ a k ã , a p o , ɲ i m b o , a p u ʔ a,ɲ a ,mb o r i a u, e n ɨ r ɨ ,dʒ u k ɨ ,i t a k u ʔ i ,m õ n ɨ , e t͡ʃ a , a ʔ ɨ ĩ , e k a , m o n d o , a ĩ m e ʔ e ,p e k u e,mb a ʔ e a t͡ʃ ɨ, e n ɨ , gʷ a p ɨ , k e ,k ɨ r ĩ ,h a t a t͡ʃ ĩ ,m o j,k e r a m u ,n e mb i e r o j ɨ , i r o ,i dʒ e u,j ã n o , dʒ a t͡ʃ ɨ t a t a ,dʒ a v e w ɨ , ɨ e, i t a ,m a r e k e, p ɨ t e ,kʷ a r a ɨ , p e ʔ i ,h ẽ ʔ ẽ ,dʒ e t ɨ , ʔ i t a, u gʷ a j,m b o r e , mb o ʔ e,, p a ,k u p i ʔ i,t a ʔ ɨ̃ i, a n a  , m a ʔ e,m oa p ɨ,dʒ ũ ,t u p ã kʷ e r e, a ɨ ʔ o ,dʒ a t e β u , a p ɨ t ã , k a n e ʔ õ,p e t ɨ̃ , k õ e r a ,k ũ, ɨ w ɨ r a,k a r u m e,m o k o j̃ ,β a i k u e,t u t ɨ ,dʒ o r a ,kʷ a r u ,u g u j r a p e,mb o j e β ɨ , u r u β u, gʷ a t a,p o t a ,j o i ,k a β e , ɨ ,o r e ,j a ʔ e,a k ɨ ,t͡ʃ ĩ ĩ, ẽ m i r e k o ,ɨ β ɨ t u,p e p o , a gʷ e ,k ũ ŋ ã ,h e β o ʔ i, dʒ u, n e 
Guarani Paraguay, o p a,j i β a,u ʔ ɨ ,t a n i m u ,j ɨ a k a ŋʷ a , a p e ,v a i ,t a kʷ a r a ,p a k o v a ʔ a ,a j a k a,m o p i ,j a v ɨ ,k u m a n a, e nd ɨ β a, ɨ e, m o p ẽ , p o s o g u e,gʷ ɨ r a , s u ʔ u, h ũ,p e j u, k a ŋ gʷ e ,m i t ã , a k ã , k a m a, p ɨ t u h ẽ , k a j , a p ɨ,ɲ o t ɨ̃ , k a ʔ a v o , p a n a m i , ʔ a ,ɨ ɨ a ,,a r ai,kʷ a t ĩ, r o ʔ ɨ ,j u , k ɨ w a , a v a t i, m a n ɨ j u , k ɨ j u ,j a h e ʔ o,mb o v o,p u r a h e j, a r a , k a k a , m a n o, k ɨ ʔ a ,j a p o, mb o p a r a, m o n d e , ʔ ɨ ʔ u,mb o h ɨ p a, i k ã , ɨ b ɨ ,k a r u, u p i ʔ a, i k e, e s a , o v , m o m ɨ r ɨ,k ɨ r a kʷ e,u , k ɨ h ɨ j e ,kʷ ã ,t a t a, m u ã ,j e p e ʔ a , p i r a ,j o j a, o ʔ o,k u ʔ i, ɨ β o t ɨ,v e v e ,m e r u , p ɨ, i r u n ɨ,k u r u r u, ʔ a,t e n ɨ h ẽ ,m o n o ʔ õ , k u ɲ a t a ĩ ,m e ʔ ẽ , h a,j u p i ,k a t u,t a i t a,k a p i ʔ i, o v ɨ , k a kʷ a a ,p o , a, k i h a , o r ɨ,t a gʷ a t o , kʷ e r a ,h e n u , ɲ e ʔ ã , p o h ɨ i ,k u r e k a ʔ a g u ɨ, p ɨ t ɨ v õ ,u r u,ɲ o m i ,, kʷ a r a, a k u , o g ,k a r a j a,m e n ,j a k a r e,j a gʷ a r e t e,j u k a , e n ɨ p ɨ ʔ a, k ɨ s e , kʷ a a , ɨ p a, p u k a , o gʷ e ,j e t a v ɨ ʔ o, t e t ɨ m a , p u ʔ ã , p ɨ ʔ a , p u k u, m a j ã , k a ɲ ɨ , k ɨ, k u i m a ʔ e,m a n i ʔ o, h e t a ,p o h ã,k a ʔ i ,j a s ɨ ,ɨ β ɨ t ɨ ,ɲ a t i ʔ ũ ,s ɨ , a i t͡ʃ o , a v ẽ ,j u r u r a gʷ e, a p e͂ , e r , a j u r a , t a i t ɨ , p ɨ a h u , p ɨ h a r e , t ĩ,p e t e ĩ , a m u e , p a ɨ, a s ɨ, , a p e ,e mb o,,k u t u ,,p o p o,mb o p u ,,a n d a i,m o ɨ,a m a , a ŋ u j a , p ɨ r a ,p ɨ t ã ,j e v ɨ , a j u ,ɨ   , a p o ,e n i m o , a p u ʔ a,ɲ a n i,w ɨ ʔ a, e n ɨ ,j u k ɨ ,ɨ β ɨ k u ʔ i ,m o n d ɨ i,h e t͡ʃ a , a ʔ ɨ̃ i , h e k a , m o n o ,h a i m e ʔ e , a p e,a s ɨ,t ɨ k e,mb o gʷ a p ɨ , k e ,m i ʃ i ,t a t a t ĩ ,m o j,k e r a m u ,m e mb ɨ , h a i, ɲ e ʔ ẽ ,ɲ a nd u , j a s ɨ r a t a ,j a v e v ɨi ,p ɨ ʔ a, i t a , h a t ã, p ɨ t e ,kʷ a r a h ɨ ,t ɨ p e i ,h e ʔ ẽ ,j e t ɨ , ɨ t a,t u gʷ a j,m b o r é β i, m o ʔ e,m o m e ʔ u,j a p o p a,k u p i ʔ i,t a ʔ ɨ̃ i,p o h ɨ i, m a ʔ e,m oa p ɨ,j u ,ʔ a r a s u n ũ, a h ɨ ʔ o ,j a t e v u , a p ɨ t i , k a n e ʔ õ, a t a t ĩ, k o ʔ r õ ,k ũ, ɨ β ɨ r a,k a r u m e,m o k õ j ,β a i ,,j o r a ,kʷ a r u ,, gʷ e ʔ ẽ , ɨ r ɨ v u, gʷ a t a,p o t a ,j o h e j,k a v a , ɨ ,o r e ,j a n e,a k ɨ̃ ,m o r o t ĩ , e mb i r e k o ,ɨ β ɨ t u,p e p o ,a i h a,k u ɲ a ,h e β o i ʔ i,s a ɨ j u, n e 
Guarani Antigo, o p a,j ɨ β a,u ʔ ɨ ,t a n i m u ,j ɨ ,a t͡s e j , a i ,t a kʷ a r a ,p a k o β a, j a k a,m o p i , a β ɨ ,, e nd i β a, ɨ e,, gʷ a s u ,gʷ ɨ r a , s u ʔ u, p e h ũ,p e j u, k ã ŋ,k u n ũ m ĩ, a k a ŋ , k a m , p ɨ t u , k a j , a p ɨ, o t ɨ̃ , k a ʔ a, p ã n ã,,ɨ g a ,,ɨ β ɨ t ɨ ,, r o ʔ ɨ ,j u , k i gʷ a , a β a t i, a m a n i j u ,i k ɨ j u ,j e t͡s eo , k ɨ̃ t ĩ ,j e r o kʷ i, a r a ,, m a n õ, k ɨ ʔ a , a p o,kʷ a t i a , m o n d e , ʔ u ,, k a ŋ , ɨ w ɨ ,k a r u, u p i ʔ a, k e, e t͡s a , o β , m o mb ɨ r ɨ,,u β , k ɨ h ɨ e j,m w ã ,t a t a, m ũ ã ,j e p e ʔ a , p i r a , p e ,s o ʔ o, u ɨ, ɨ β o t ɨ,β e β e ,mb e r u , p ɨ, i r u n ɨ,k u r u r u, ɨ β a,t ɨ n ɨ h ẽ ,m o n o ʔ o , k ũ ŋ a t a ĩ ,m e ʔ ẽ , o,j eu p i ,k a t u, a m o j,k a p i ʔ i, o β ɨ , k a kʷ a a ,, a, kʷ ɨ h a , o r ɨ β ,t a gʷ a t o ,mb o gʷ e r a ,h e n u , j e ʔ a ŋ , p o h ɨ j ,, p ɨ t ɨ β o ,u r u gʷ a s u,n o m i , n u p ã , kʷ a , a k u , o g ,k a r a j á,m e ,j a k a r e, ,j u k a ,t e n ɨ p ɨ ʔ ã, k ɨ s e , kʷ a a , ɨ u p a, p u k a , o β , ɲ ẽ mb o ʔ e, t e t ɨ̃ m ã , p u ʔ a m , p ɨ ʔ a kʷ e , p u k u, m a ʔ ẽ , k a ɲ ɨ̃ , k ɨ, k u i m a e,m a n i o g , h e t a ,p o h ã ŋ ,k a ʔ i ,j a s ɨ ,,ɲ ã t ĩ ũ ,t͡s ɨ ,, a β e , a mb o t a ,p o ã p ẽ , e , a j u, a i t ɨ , p ɨ a h u , p ɨ t ũ , t ĩ,p e t e ĩ , a mb u a e ,, a s ɨ,a j u r u , p e ,,,k u t u ,,ɲ e mb o s a r a j ,,m i n g a ʔ u,, n o ,a m ã , a ŋ u j a , p ɨ r a ,p i r ã ,j e β ɨ , a j u ,a  k a ŋ, a p o ,ɨ n ɨ m b o , a p u ʔ a, a j ã ,, e n ɨ ,j u k ɨ ,ɨ β ɨ k u ʔ i ,m o n d ɨ i, e t͡ʃ a , a ĩ , h e k a , m o n d o ,m o a p ɨ o β i,p e kʷ e ,a s ɨ, ei n d ɨ , a p ɨ , k e ,m i r ĩ ,t a t a t ĩ ,m o j,k e r a m u ,m e mb ɨ , a j, ɲ e ʔ ẽ ,j a n u , j a s ɨ t a t a ,j a β e β i ,p ɨ ʔ a, i t a , a t ã, p ɨ t e ,kʷ a r a s ɨ , p i ej ,h ẽ ẽ ,j e t ɨ , ɨ t a,h u gʷ a j,m b o r é β i, mb o ʔ e,m o mb e ʔ u, p a ,, a p i ʔ a, a n ã  , m a ʔ e,mb o h a p ɨ,j u ,a m ã p u n u, a s e ʔ o ,j a t e β u , p ɨ t ĩ , k a n e ʔ õ, t a t a t ɨ̃, k o ʔ e,k u, ɨ β ɨ r ,k a r u m e,m o k õ j ,p i t͡ʃ ɨ β ɨ ,t u t ɨ ,j o r a ,kʷ a r u , a j u , gʷ e ʔ ẽ , u r u β u, gʷ a t a,p o t a ,j o h e j,k a β , ɨ ,o r e ,j a nd e,ã k ɨ̃ ,t ĩ , e m i r e k o ,ɨ β ɨ t u,p e p o ,gʷ i r a ,k u j ã , ɨ β ɨ a s o, j u, n e 
Guayaki,,,,,j ɨ ,p ɨ t e,,t a kʷ a,,,b u p i ,,,,,,,kʷ ɨ r a , t͡ʃ u u,n j o ʔ õ,p e j u, k ã ,e m b o g i, a k ã , ,,,,, k a ʔ a, p a n a,,,,,k a r ẽ, r u ɨ , u ,, b a t e,, k ɨ j u , i t͡ʃ o , k ɨ t͡ʃ i ,p r e ʔ e ,, p u t͡ʃ i , m a n o,,j a p o,,,,,t͡ʃ a k ã ,,, p i a,,t͡ʃ a , u v ,,,u ,,p a k ã ,t a t a, a mb w a ,, p i r a ,, o ,, p u t ɨ,,b e r u , p ɨ t͡ʃ ã ,,k ɨ r u r u, ã i a, e mb e,, k u j a mb u k u ,, a,j o p i ,k a t u, j a m o ,,,,p o , a,,,k i m i r ã,k a j ã,, j a ʔ a , p w ɨ ,,k u w ẽ,,,,, a k u ,,k r a j á, i m e,,j a w a,j u k a ,,,,, dʒ ui j a , o,, k ɨ m a k a,, p ɨ a a , p u k u,, k a j ã ,, k ɨ b a i,ʔ a m b i r o,,p r oa ʔ ã,,j a t͡ʃ ɨ ,,t͡ʃ i k õ  ,,,,,, e t e,j u a , e i t ɨ ,, p i t õ ,,,,b i w ã, a t͡ʃ ɨ, , p e ,,,,,,,,,,, b u j a ,i p ɨ,p i r ã ,j e w ɨ ,b i a j u ,, a p o ,,k ɨ t ã,m ɨ r ɨ r õ,, ã r ɨ ,,,,, ã , m e k ã ,,,,, i n ɨ , v a p ɨ , k e ,m i r ĩ , t a t͡ʃ ĩ ,,k e r a m u ,,,,, t a t a ,,, i t a ,m ɨ r a kʷ ã, p ɨ t e ,k ɨ r a ɨ ,, e ŋ a t u,,,, b r e β i,,,k r e ɨ,, p i a,, b w e,, a t͡ʃ ĩ,,,,,,t a t͡ʃ ĩ,,, w ɨ r a,k r o m m e,,,t u t ɨ ,,k a r u ,,,,,,,k ɨ v e ʔ ẽ,,o r e ,,,t͡ʃ ĩ ,b r e k o ,,p e p o ,,k u j ã ,,, d e 
Xeta,p o,dʒ ɨ β a,,,ɲ e p r a k a ,,,t a kʷ a,,p i n a k o,m o p i ,,,,,s o r o, ɤ a ʒ o ,ŋʷ o r a , t͡ʃ o , h ũ n t a j,p e dʒ u, k a ,t͡ʃ ĩ ə̃ kʷ ã j, ã k a ,,,,,,ɲ a j t ë, p a n a, ʔ a ,i p e kʷ e,,k a r a m a t͡ʃ a,, r ã i t͡ʃ a ,,,,, k ɨ dʒ o ,j e t͡s eo , k ë d ɨ ,, a r a dʒ a, p u t͡ʃ i ,,,t͡ʃ a p w a,m a t͡ʃ a,,,,, e w ua ,,,, e t͡ʃ a ,,,,, k ë ʒ i ,k a , a t a,,, p i r a j,,,u r a k u j t e,d e b o t e r a m e,β e β e ,m e r u , p u r ũ h a,,k o r a r a,, mb ɨ a j ẽ ,,t͡ʃ i k u a ,, h o,ʒ au b i ,,m ə̃ j,,,,p a , a g a ,n o s i t e u, a r ɨ,ŋ w ɨ r ã w ,h a t͡ʃ e gʷ a,n ə n d u ,, p o ɨ ,,,,, ɲ u p a , gʷ a , a k u , a k ,,,,ɲ a g w a,dʒ u g a ,, k ɨ t i h a ,,,dʒ a i, a,,t ə m a ,, i p i a ,,,m ã k a n ɨ , k ë,k a n o m i,m a n i o k ,,,,,,ɲ õ t͡ʃ i ũ ,, a i t͡ʃ o ,,, ĩ p w a p e ,,,,,p o á,,,,h u m h a i, a t͡ʃ i,w a r a w a , p e , ə̃ ŋʷ a j ,,k o t o ,,n ə mb a r a j ,,,,,, k ũ j ũ ,,m o r á p i r ã ,dʒ i w ,,, a p a ,ʃ a ,,,,,b i j h a j,,,,,t͡ʃ a r e k a ,,,,,d͡ʒ a k ʊ j,, k e ,,t a t a ʒ i ,m o j,k a r a r ã,m e m o , h a j ʒ j a j,,ɲ ə d u ,,,, i t a ,p i r a kʷ a,,kʷ a r h a ,t a p e i ,h i ə̃ k w a a,b a t a t a,,,t a p i r a dʒ o,,,a r á d i a,p a i t k r i ʔ,h a p i a,,,m o k a t ẽ j,,ĩ j a dʒ e,,ɲ a t e w ɨ ,, k a n e a,a b i j ú,p o n i m e,, a w e r a,,m ɔ k ã j ,,,p o r a ,kʷ a r o , a ʒ ɨ ,,h a r a r a w,,,,k ɨ a ,,a r e ,,a ɣ i á p a,,m i r a d̥ a ,a w o t o,p e p a ,,k o ɲ a ,,,
Kaiowa,mb a,d͡ʒ ɨ β a,u ʔ ɨ ,t a n i mb u ,,,β a i ,t a kʷ á r a ,p a k o β a,a j a k a,mb o p i r i,j e j a β ɨ ,ʃ a ʔ ĩ,,, d͡ʒ o k a, gʷ a s u ,gʷ ɨ r a , s u ʔ u, h ũ,p e j u,,k u n u m i, a k ã ,,, k á i , a p ɨ,j a t ɨ , k a ʔ a gʷ ɨ , t a n a mb i , ʔ a ,,,a r ai,kʷ a t i, r o ʔ ɨ ,j u ,, a β a t i, m a n d ɨ j u ,,j a h e ʔ o, k ɨ t ĩ ,dʒ e r o s ɨ, á r ɨ ,, m a n o, k ɨ ʔ a , a p o,, m o n d e , ʔ u , h ɨ p a,, ɨ w ɨ ,k a r u,, i k ẽ, e s a , o β , m o mb ɨ r ɨ,,u , k ɨ h ɨ j e ,,t a t a,, p ɨ a h ɨ́ i, p i r a ,, o ʔ o, u ʔ i, p o t ɨ,β e β e ,mb e r u , p ɨ, i r u n d ɨ,d͡ʒ u ʔ i, ɨ β a,h ɨ n ɨ h ẽ ,mb o a t ɨ , m i t ã k u ɲ ã ,m e ʔ ẽ , h a,dʒ eu p i ,k a t u, a m o j,ɲ a n a, o β ɨ , k a kʷ a a ,p o ,ʔ a β ɨ , k ɨ h a ,β ɨ ʔ a,t a gʷ a t o ,mb o gʷ e r a ,h e n d u , p ɨ ʔ a , p o h ɨ i ,, p ɨ t ɨ gʷ õ ,ɨ r u gʷ a s u,ɲ o m i , n u p ã , kʷ a , a k u , ó g ,k a r a j a,m é n a,j a k a r e,j a g w a r e t e,j u k á ,h e t ɨ m ɨ ʔ ã, k ɨ s e , kʷ a a ,l a ŋ ũ n ã, p u k a , o gʷ e ,, e t ɨ m a , p u ʔ ã ,, p u k ú, m a ʔ ẽ ,, k ɨ́ β ɨ , k u i m b a ʔ e,m a n d i ʔ o, h e t a ,p o h ã,k a ʔ i ,d͡ʒ a s ɨ ,,ɲ ã t ɨ̃ h ũ ,s ɨ ,t ɨ r a j ʃ o ,,,p o a p ẽ , é r ɨ, a j ú r i ,,, p ɨ h a r e , t ĩ,p e t e ĩ , a mb u e ,a k u t i p á ɨ , a s ɨ,, a p e ,, a β a ,k u t u ,,ɲ e mb o s a r á j ,,,a n d a i,m o ĩ,a m a ,,,p ɨ t ã ,j e β ɨ , a j u ,ɨ s ɨ r ɨ , a p o ,t u k ũ m o,,r i p a r a,ɲ e a p i r õ, e nd ɨ ,j u k ɨ ,ɨ β ɨ k u ʔ i ,m o n d ɨ i, e ʃ a ,h a ʔ ɨ̃ i , e k a , m o n d o ,,p i r e , h a s ɨ, ei n d ɨ , gʷ a p ɨ , k e ,m i ʃ ĩ ,,mb ó i,,m e mb ɨ ,, ɲ e ʔ ẽ ,,d͡ʒ a s ɨ t a t a,,, i t a ,mb a r a e t e,,kʷ a r a h ɨ ,,h e ʔ ẽ ,j e t ɨ , ʔ ɨ t a, u gʷ a j,m b o r e β i, mb o ʔ e,m o mb e ʔ u, p a ,k u p i ʔ i,,, mb a ʔ e,m o h a p ɨ, r a t ĩ,,,,ɲ a p ɨ t ĩ , kʷ e r áj,p e t ɨ̃ , k o ʔ ẽ,, ɨ w ɨ r a,k a r u m b e,m o k õ j ,β a i ,,j o r a ,, a j ɨ gʷ e,,, gʷ a t a,p o t a ,j o h e i,k a v ɨ , ɨ ,o r é ,ɲ a nd é,ɨ k w e,t ĩ , e mb i r e k o ,ɨ β ɨ t u,p e p o ,,k u ɲ a ,s e β o ʔ i, j u, n e 
Tapiete, ó p a,dʒ ɨ w a,u ʔ ɨ ,t a n i mb u ,j ɨ ,,ɲ a r õ,,m a n a n a,,a n d ɨ r a,,k ɨ m a nd a,t ɨ n d ɨ w a,ɨ r ɨ ʔ e,, w a s u ,w ɨ r a , ʃ u ʔ u, h ũ,p e ʒ u,t ɨ ŋ k ã w ẽ ,k u n u m i,h a n k a ,t e ŋ k a ,,,h a h á p ɨ,ɲ õ t ɨ , k a ʔ  a w a s u,,w ẽ ʔ ẽ , ʃ ã r ã n ã ,,a m a p ɨ n t u,ɲ e m i, r o w a j, a j , k ɨ w a , a w a t i, m a n d ɨ ʒ u , k ɨ ʒ o ,j a h e ʔ o, t͡ʃ ĩ t͡ʃ i ,mb ɨ w a i r a, a r a ,, m a n o, k ɨ ʔ a ,dʒ a p o, mb ɨ p a r a, m o n d e , ʔ u , t ɨ p a,, ɨ w ɨ ,k a r u, a p i ʔ a, t͡ʃ e, e s a ,ɨ r o β , mb ɨ r ɨ,k ɨ r a ,p a p a, k ɨ ʒ e ,,t a t a,,ʒ i p e ʔ a , p i r a , i p e , o ʔ o,k u ʔ i, p a t ɨ t ,w e β e ,mb e r o w ɨ,t e p ɨ, i r ũ n d ɨ,d͡ʒ u ʔ i,i ʔ a,t ɨ n ɨ h ẽ ,m ɨ n o ʔ o , k u ɲ a t a j ,m e ʔ e ,,dʒ u p i ,k a t u,t ɨ r a m u j,k a p i ʔ i, o w ɨ , kʷ a kʷ a ,p o ,t a ŋ a h a,s a w a w a k a, o r ɨ, w ɨ r a t͡ʃ e ,p ɨ h a n u,h e n d u ,t i m i m b ɨ, p o h ɨ ,h a p ɨ r ɨ w a,mb o r ɨ,u r u,ɲ e m i ,kʷ a, a kʷ a , a k u ,e r o,,m e ,p á j n ʃ a,á s o,d͡ʒ u k a ,t ɨ n ɨ m p ɨ ã, k ɨ s e , kʷ a ʔ a , ɨ r e n d a , p u k a , ó k ɨ , mb o ʔ e, t ɨ t ɨ m a , h u n s e ,t ɨ p ɨ ʔ a , p u k u, m á ẽ , k a ɲ ɨ ,e k ɨ, kʷ i m b á e,m a n d i p o r o p ɨ, h e t a ,m õ h ã,m ã n ʃ i,ʒ a s ɨ ,ɨ w ɨ t u r u s u ,ɲ a n t ĩ ʔ ũ ,s ɨ ,,,, t ɨ p a m p e , e ,t ɨ d͡ʒ a ʒ u, a i t ɨ , p ɨ ʔ a h u , p ɨ̃ t u ,t e n t i,p e n t e ,a ʔ a m o,, a s ɨ,a ʒ u r u , p e , a t͡ʃ a ,kʷ a r é t a,s o s o,,w a w a r e,w a r e,k a w i ʔ u ,a n d a i, ɲ o n o,a m a , a ŋ u j a ,,,j ɨ, d͡ʒ a w i ʒ e,t ɨ k a , a p o ,h i r o,j a p ɨ a w a,ɲ a n i,w ɨ ã ã, ɨ nd a j ɨ ,j u k ɨ ,m u ŋ kʷ i n t i ,k ɨ j e,h e ʃ a ,h ã ʔ ɨ , h e k a , m o n d o ,h a í mb e ,,, h i n d ɨ ,h a h a p e , t͡ʃ e ,m i n ʃ i,t a t a n t i ,mb o j,k a r õ r õ,m e mb ɨ , h a ʒ á s ɨ , h ã ʔ ã ,ɲ a n d u t i, d͡ʒ a s ɨ t a t a ,,,j ɨ t a k ɨ , h ã t a ŋ a t u, p ɨ t e ,kʷ a r a s ɨ ,t ɨ p e i ,h ẽ ʔ ẽ ,d͡ʒ e t ɨ ,ɲ a ɨ n t i, u w a j,m b ɨ r e β i, mb o ʔ e, mb e ʔ u, p a ,k u ʔ i k u ʔ i, a p i ʔ a,h ɨ n a mb u s u, mb a ʔ e,mb a h á p ɨ,dʒ u ,h ɨ ʔ a p u,,j a t e ʔ u ,ɲ a p ĩ t i ,k a n d ɨ,t a t a n t i ,p a r é, e ŋ k u, ɨ w ɨ r a,k a r u m b e,m o ŋ k o j ,ʒ a w a j t e,t u t ɨ ,dʒ o r a ,kʷ a r u , r a ʒ ɨ , w ẽ ʔ ẽ ,, w a t a,p ó t a ,mb a p u t u k a,k a w a w a ʒ u t u, ɨ ,o r e ,ɲ á nd e,a ŋ ɨ ,t ĩ , ɨ r e k o ,ɨ w ɨ t u,t ɨ p e p o,w ɨ r a h a,t a p ɨ p e, á s o, ʒ u, n e 
,,,,,,,,,,,,,,,,,,,,,,,,,,,,,,,,,,,,,,,,,,,,,,,,,,,,,,,,,,,,,,,,,,,,,,,,,,,,,,,,,,,,,,,,,,,,,,,,,,,,,,,,,,,,,,,,,,,,,,,,,,,,,,,,,,,,,,,,,,,,,,,,,,,,,,,,,,,,,,,,,,,,,,,,,,,,,,,,,,,,,,,,,,,,,,,,,,,,,,,,,,,,,,,,,, mb o  ʔ e,,,,,,,,,,,,,,,,,,,,,,,,,,,,,,,,,,,,,,,,,,
